case	abs	rel	compared	upstream_error
case_001	0e0	0e0	211	false
case_002	0e0	0e0	0	true
case_003	0e0	0e0	1210	false
case_004	2.220446049250313e-16	5.017512580098347e-15	1034	false
case_005	0e0	0e0	210	false
case_006	2.220446049250313e-16	2.0262254634914114e-15	208	false
case_007	2.1094237467877974e-15	3.782757806632769e-14	613	false
case_008	2.220446049250313e-16	3.7110089402817e-15	310	false
case_009	0e0	0e0	310	false
case_010	0e0	0e0	612	false
case_011	2.6645352591003757e-15	4.604937177874222e-13	208	false
case_012	0e0	0e0	0	true
case_013	2.220446049250313e-16	2.7152652796741284e-16	211	false
case_014	0e0	0e0	312	false
case_015	0e0	0e0	1208	false
case_016	0e0	0e0	0	true
case_017	0e0	0e0	210	false
case_018	0e0	0e0	310	false
case_019	2.220446049250313e-16	2.905313895174999e-16	1211	false
case_020	2.220446049250313e-16	2.452527605595157e-16	611	false
case_021	0e0	0e0	211	false
case_022	5.88418203051333e-15	1.0420958889199239e-13	214	false
case_023	0e0	0e0	611	false
case_024	0e0	0e0	610	false
case_025	0e0	0e0	0	true
case_026	0e0	0e0	610	false
case_027	1.1102230246251565e-16	2.1857769340420308e-16	211	false
case_028	0e0	0e0	210	false
case_029	0e0	0e0	212	false
case_030	0e0	0e0	0	true
case_031	3.9968028886505635e-15	1.1174984157977927e-13	314	false
case_032	0e0	0e0	210	false
case_033	1.1102230246251565e-16	2.175939310895964e-15	311	false
case_034	0e0	0e0	0	true
case_035	0e0	0e0	1031	false
case_036	0e0	0e0	211	false
case_037	2.220446049250313e-16	1.99036938266586e-15	613	false
case_038	1.1102230246251565e-16	2.2916325188133284e-16	212	false
case_039	0e0	0e0	211	false
case_040	0e0	0e0	0	true
case_041	2.7755575615628914e-15	2.8665829740182044e-13	1211	false
case_042	7.882583474838611e-15	1.171852972132137e-13	1211	false
case_043	0e0	0e0	0	true
case_044	1.1102230246251565e-16	2.0350860871168572e-16	211	false
case_045	0e0	0e0	0	true
case_046	0e0	0e0	312	false
case_047	2.220446049250313e-16	2.878459041178179e-16	1211	false
case_048	4.440892098500626e-16	5.254169415249551e-15	611	false
case_049	0e0	0e0	308	false
case_050	2.220446049250313e-16	2.6369820117666513e-16	312	false
case_051	2.220446049250313e-16	4.1070525745369785e-16	614	false
case_052	0e0	0e0	610	false
case_053	1.4432899320127035e-15	9.716112369039034e-15	309	false
case_054	0e0	0e0	0	true
case_055	0e0	0e0	0	true
case_056	2.220446049250313e-16	3.179105080299739e-15	609	false
case_057	0e0	0e0	610	false
case_058	0e0	0e0	0	true
case_059	0e0	0e0	210	false
case_060	0e0	0e0	1032	false
case_061	2.220446049250313e-16	2.938776496944009e-16	1211	false
case_062	0e0	0e0	609	false
case_063	0e0	0e0	208	false
case_064	0e0	0e0	308	false
case_065	0e0	0e0	1208	false
case_066	0e0	0e0	608	false
case_067	0e0	0e0	0	true
case_068	2.220446049250313e-16	3.234326088140633e-16	214	false
case_069	0e0	0e0	1208	false
case_070	0e0	0e0	211	false
case_071	0e0	0e0	309	false
case_072	4.440892098500626e-16	7.203437229923927e-15	613	false
case_073	0e0	0e0	308	false
case_074	1.1102230246251565e-16	2.314731854011633e-16	311	false
case_075	1.1102230246251565e-15	5.6446685488056894e-14	611	false
case_076	8.881784197001252e-16	1.8202044401493672e-14	1034	false
case_077	8.881784197001252e-16	1.732830040790554e-14	212	false
case_078	0e0	0e0	610	false
case_079	0e0	0e0	0	true
case_080	2.220446049250313e-16	2.5519328122896837e-15	314	false
case_081	0e0	0e0	608	false
case_082	0e0	0e0	308	false
case_083	2.220446049250313e-16	1.728940354178127e-15	613	false
case_084	0e0	0e0	308	false
case_085	1.312283615106935e-13	5.997433918611541e-12	1033	false
case_086	2.220446049250313e-16	3.555212562781139e-16	1212	false
case_087	1.1102230246251565e-16	3.6682134043544014e-16	1212	false
case_088	7.549516567451064e-15	1.6975855547151217e-13	609	false
case_089	0e0	0e0	608	false
case_090	0e0	0e0	308	false
case_091	0e0	0e0	312	false
case_092	0e0	0e0	612	false
case_093	0e0	0e0	0	true
case_094	2.220446049250313e-16	5.6369185228576195e-14	1211	false
case_095	0e0	0e0	608	false
case_096	0e0	0e0	0	true
case_097	5.551115123125783e-17	1.4180382913594458e-16	1032	false
case_098	2.220446049250313e-16	2.6641997573823127e-16	213	false
case_099	0e0	0e0	311	false
case_100	0e0	0e0	310	false
case_101	0e0	0e0	1208	false
case_102	0e0	0e0	611	false
case_103	4.440892098500626e-16	9.290147300222808e-16	312	false
case_104	2.220446049250313e-16	3.4757266909607743e-16	213	false
case_105	1.1102230246251565e-16	2.3114683263665353e-16	213	false
case_106	1.1102230246251565e-16	2.1925679777082134e-16	314	false
case_107	0e0	0e0	309	false
case_108	2.220446049250313e-16	3.8274937602322046e-16	1034	false
case_109	1.1102230246251565e-16	2.4448510982818106e-16	314	false
case_110	4.440892098500626e-16	8.530410153269606e-15	1032	false
case_111	0e0	0e0	0	true
case_112	0e0	0e0	309	false
case_113	0e0	0e0	1208	false
case_114	5.551115123125783e-16	4.7993803711235685e-15	611	false
case_115	2.220446049250313e-16	3.6330538169187666e-16	613	false
case_116	0e0	0e0	612	false
case_117	2.886579864025407e-15	2.9112879397434765e-13	310	false
case_118	1.9984014443252818e-15	5.163133979213358e-13	310	false
case_119	2.220446049250313e-16	9.149808428603512e-15	612	false
case_120	0e0	0e0	209	false
case_121	2.220446049250313e-16	2.5926384774255244e-16	1211	false
case_122	0e0	0e0	310	false
case_123	0e0	0e0	1208	false
case_124	0e0	0e0	0	true
case_125	1.1102230246251565e-16	2.322642529610983e-16	214	false
case_126	1.5543122344752192e-15	7.777630075239849e-14	310	false
case_127	0e0	0e0	612	false
case_128	0e0	0e0	310	false
case_129	0e0	0e0	1031	false
case_130	0e0	0e0	210	false
case_131	2.220446049250313e-15	3.6273392571804806e-13	1209	false
case_132	0e0	0e0	310	false
case_133	0e0	0e0	208	false
case_134	0e0	0e0	0	true
case_135	3.108624468950438e-14	9.083243373398663e-13	211	false
case_136	6.661338147750939e-16	5.628941269579623e-14	310	false
case_137	0e0	0e0	209	false
case_138	1.1102230246251565e-16	1.8022361711710226e-16	612	false
case_139	0e0	0e0	211	false
case_140	0e0	0e0	0	true
case_141	6.661338147750939e-16	2.7369323588075204e-15	311	false
case_142	0e0	0e0	0	true
case_143	6.8833827526759706e-15	1.0092613606134462e-13	1211	false
case_144	0e0	0e0	212	false
case_145	1.1102230246251565e-16	4.1648360006318964e-16	214	false
case_146	0e0	0e0	1032	false
case_147	1.1102230246251565e-16	4.0030386710439637e-16	214	false
case_148	0e0	0e0	609	false
case_149	1.1102230246251565e-16	7.971098032746198e-15	313	false
case_150	0e0	0e0	308	false
case_151	0e0	0e0	210	false
case_152	4.440892098500626e-16	4.933694734230266e-15	609	false
case_153	1.1102230246251565e-16	8.18346026255898e-16	611	false
case_154	0e0	0e0	0	true
case_155	0e0	0e0	611	false
case_156	0e0	0e0	610	false
case_157	1.1102230246251565e-16	2.665274940032008e-16	311	false
case_158	0e0	0e0	1210	false
case_159	2.220446049250313e-16	2.5077953982376245e-16	311	false
case_160	2.220446049250313e-16	3.0390420290035127e-15	611	false
case_161	0e0	0e0	1030	false
case_162	2.220446049250313e-16	3.3703510559795996e-16	1034	false
case_163	2.220446049250313e-16	3.407872878324515e-15	311	false
case_164	2.220446049250313e-16	1.7486932987121708e-15	213	false
case_165	1.7985612998927536e-14	3.286133215145932e-13	312	false
case_166	2.220446049250313e-16	3.2031497185551875e-16	312	false
case_167	0e0	0e0	209	false
case_168	3.774758283725532e-15	2.5415043875290258e-12	313	false
case_169	2.220446049250313e-16	2.2021886908910837e-16	211	false
case_170	0e0	0e0	208	false
case_171	2.220446049250313e-16	2.4235428450941233e-16	313	false
case_172	0e0	0e0	1030	false
case_173	1.1102230246251565e-16	2.1032100469132824e-16	213	false
case_174	2.220446049250313e-16	2.6509308980135227e-16	1033	false
case_175	0e0	0e0	1031	false
case_176	1.1102230246251565e-16	3.7500269601750804e-16	611	false
case_177	1.1102230246251565e-16	2.0820549492592244e-16	612	false
case_178	0e0	0e0	1210	false
case_179	0e0	0e0	208	false
case_180	5.551115123125783e-15	2.0033768119697174e-13	1210	false
case_181	7.771561172376096e-16	6.427480409320532e-15	610	false
case_182	0e0	0e0	0	true
case_183	2.220446049250313e-16	5.859804387257013e-14	314	false
case_184	0e0	0e0	208	false
case_185	0e0	0e0	212	false
case_186	2.220446049250313e-16	4.191385825684466e-16	1212	false
case_187	1.1102230246251565e-16	1.4807215144068724e-16	1032	false
case_188	4.440892098500626e-16	6.459606357400379e-14	311	false
case_189	6.661338147750939e-16	1.9610770570207596e-14	611	false
case_190	2.220446049250313e-16	1.6680161727216304e-15	1211	false
case_191	0e0	0e0	309	false
case_192	0e0	0e0	211	false
case_193	2.220446049250313e-16	2.6368686971774796e-16	1211	false
case_194	0e0	0e0	610	false
case_195	1.1102230246251565e-16	2.739449428637261e-16	611	false
case_196	2.220446049250313e-16	1.0947866892025458e-15	213	false
case_197	2.220446049250313e-16	3.41098622881614e-16	312	false
case_198	0e0	0e0	311	false
case_199	0e0	0e0	612	false
case_200	2.220446049250313e-16	2.9247855865461275e-16	313	false
