motif	r_deviation	rust_deviation	r_expected	rust_expected	abs_dev	abs_exp	max_abs
FOXF2	-0.046563224779734402	-0.04656322477969599	1.0160058113592083	1.01600581135917	3.841372e-14	3.841372e-14	3.841372e-14
FOXD1	-0.032424300294432329	-0.0324243002944139	1.0114669668998519	1.0114669668998335	1.842970e-14	1.842970e-14	1.842970e-14
IRF2	-0.080560972153996269	-0.08056097215397473	1.0126443699119396	1.012644369911918	2.153833e-14	2.153833e-14	2.153833e-14
MZF1(var.2)	-0.038292569081203709	-0.038292569081223915	0.9932401710688652	0.9932401710688854	2.020606e-14	2.020606e-14	2.020606e-14
MAX::MYC	-0.082715824797224835	-0.08271582479724682	0.99475650644966529	0.9947565064496873	2.198242e-14	2.198242e-14	2.198242e-14
PPARG	-0.018956623247560089	-0.01895662324759617	0.99942267863104417	0.9994226786310803	3.608225e-14	3.608225e-14	3.608225e-14
PAX6	-0.01249724068369451	-0.01249724068368363	1.0099839303015334	1.0099839303015226	1.088019e-14	1.088019e-14	1.088019e-14
PBX1	-0.047365523632425299	-0.04736552363239155	1.0121541662822264	1.0121541662821927	3.375078e-14	3.375078e-14	3.375078e-14
RORA	-0.029147593890779033	-0.02914759389081456	1.0059232611416102	1.0059232611416458	3.552714e-14	3.552714e-14	3.552714e-14
RORA(var.2)	-0.036362388803110823	-0.03636238880312481	1.0079687853624431	1.007968785362457	1.398881e-14	1.398881e-14	1.398881e-14
RREB1	-0.053142659398006442	-0.053142659398033754	1.0027697236751778	1.0027697236752051	2.731149e-14	2.731149e-14	2.731149e-14
RXRA::VDR	-0.01472036477727523	-0.014720364777312755	1.0010264145419541	1.0010264145419916	3.752554e-14	3.752554e-14	3.752554e-14
SOX9	-0.041572123946868156	-0.041572123946864825	1.0095082965563651	1.0095082965563618	3.330669e-15	3.330669e-15	3.330669e-15
SRY	-0.038869294099621254	-0.038869294099563745	1.0137394224745315	1.013739422474474	5.750955e-14	5.750955e-14	5.750955e-14
TAL1::TCF3	-0.030512152221512268	-0.030512152221540023	1.0048798868434097	1.0048798868434374	2.775558e-14	2.775558e-14	2.775558e-14
REL	-0.03365026904077939	-0.03365026904082846	0.99831206038515519	0.9983120603852043	4.907186e-14	4.907186e-14	4.907186e-14
RELA	-0.036929185204348958	-0.036929185204392256	0.99843439986128524	0.9984343998613285	4.329870e-14	4.329870e-14	4.329870e-14
NR1H2::RXRA	-0.041417331604248875	-0.04141733160428063	1.0042863380696769	1.0042863380697087	3.175238e-14	3.175238e-14	3.175238e-14
NFIC::TLX1	0.03027442716525186	0.030274427165273288	0.98401128960813045	0.984011289608109	2.142730e-14	2.142730e-14	2.142730e-14
ZNF354C	0.024572924395475759	0.024572924395469653	0.9893975622716904	0.9893975622716965	6.106227e-15	6.106227e-15	6.106227e-15
CTCF	-0.095022266373057107	-0.09502226637304934	0.98540191680925826	0.9854019168092505	7.771561e-15	7.771561e-15	7.771561e-15
EWSR1-FLI1	-0.06571305897536317	-0.06571305897537383	0.99754080210759655	0.9975408021076072	1.065814e-14	1.065814e-14	1.065814e-14
REST	-0.0037985117437270288	-0.003798511743737909	0.99175246869720834	0.9917524686972192	1.088019e-14	1.088019e-14	1.088019e-14
NFATC2	-0.036124194091380457	-0.03612419409138623	1.0081751422139322	1.008175142213938	5.773160e-15	5.773160e-15	5.773160e-15
INSM1	-0.02326607286251281	-0.02326607286249116	0.98525240072472065	0.985252400724699	2.164935e-14	2.164935e-14	2.164935e-14
RARA::RXRA	0.014438090919969393	0.014438090919951518	0.99601932110985703	0.9960193211098749	1.787459e-14	1.787459e-14	1.787459e-14
NR4A2	-0.0002486884455434879	-0.0002486884455967786	0.99989298161665485	0.9998929816167081	5.329071e-14	5.329071e-14	5.329071e-14
PLAG1	0.096400749755739756	0.09640074975582957	0.96995193828779258	0.9699519382877028	8.981704e-14	8.981704e-14	8.981704e-14
ARNT::HIF1A	0.095746542267973633	0.0957465422680186	0.98058594346446892	0.980585943464424	4.496403e-14	4.496403e-14	4.496403e-14
DUX4	-0.025279073266425311	-0.025279073266392893	1.0088256515947318	1.0088256515946994	3.241851e-14	3.241851e-14	3.241851e-14
FOS	-0.086257398171908584	-0.08625739817193145	1.0053768653212205	1.0053768653212434	2.287059e-14	2.287059e-14	2.287059e-14
FOSL2	-0.061976171392685853	-0.06197617139272671	1.0004061951572247	1.0004061951572656	4.085621e-14	4.085621e-14	4.085621e-14
FOXH1	-0.036586608399388099	-0.03658660839940009	1.0075710963270044	1.0075710963270164	1.199041e-14	1.199041e-14	1.199041e-14
JUN	-0.0342539019750564	-0.03425390197506928	1.0063730104998909	1.0063730104999038	1.287859e-14	1.287859e-14	1.287859e-14
JUN(var.2)	-0.10264814910633158	-0.10264814910634557	1.0068297117031555	1.0068297117031695	1.398881e-14	1.398881e-14	1.398881e-14
JUND(var.2)	-0.051789935282870458	-0.05178993528287268	1.008270306655404	1.0082703066554062	2.220446e-15	2.220446e-15	2.220446e-15
MEF2C	0.039650030180187423	0.03965003018022539	1.0127693142875762	1.0127693142875382	3.796963e-14	3.796963e-14	3.796963e-14
MAF::NFE2	-0.077752603318685942	-0.07775260331870193	1.0053522418751304	1.0053522418751464	1.598721e-14	1.598721e-14	1.598721e-14
NR2C2	-0.0034881517462000966	-0.0034881517462037603	0.99003777429412965	0.9900377742941333	3.663736e-15	3.663736e-15	3.663736e-15
NRF1	0.20234715372782641	0.2023471537278848	0.9812380108185611	0.9812380108185027	5.839773e-14	5.839773e-14	5.839773e-14
POU2F2	-0.030270088952000784	-0.030270088951947938	1.0126173127752185	1.0126173127751656	5.284662e-14	5.284662e-14	5.284662e-14
SMAD2::SMAD3::SMAD4	0.0067109819168884588	0.006710981916863257	0.99181463474128873	0.9918146347413139	2.520206e-14	2.520206e-14	2.520206e-14
STAT1::STAT2	-0.074202678785615372	-0.07420267878559383	1.0176585895758565	1.017658589575835	2.153833e-14	2.153833e-14	2.153833e-14
TCF7L2	-0.071430230884927393	-0.0714302308849234	1.0094370215002171	1.009437021500213	3.996803e-15	3.996803e-15	3.996803e-15
ZBTB33	0.11438736107789937	0.11438736107780845	0.99834502043922746	0.9983450204393184	9.092727e-14	9.092727e-14	9.092727e-14
ELK4	-0.018191588075001985	-0.018191588075024412	0.9917331678443202	0.9917331678443426	2.242651e-14	2.242651e-14	2.242651e-14
ESR2	-0.0021959154251761648	-0.0021959154252054747	0.99243340107714839	0.9924334010771777	2.930989e-14	2.930989e-14	2.930989e-14
IRF1	-0.043092027840849312	-0.04309202784083466	1.0308750560909967	1.030875056090982	1.465494e-14	1.465494e-14	1.465494e-14
STAT1	-0.056891485477180925	-0.05689148547717138	1.0072711150606406	1.007271115060631	9.547918e-15	9.547918e-15	9.547918e-15
STAT3	-0.054185163739583597	-0.05418516373958138	1.0063790786236984	1.0063790786236961	2.220446e-15	2.220446e-15	2.220446e-15
GATA1::TAL1	-0.047767476817102028	-0.04776747681710425	1.00899341657867	1.0089934165786723	2.220446e-15	2.220446e-15	2.220446e-15
YY1	0.025792636989783957	0.025792636989783957	0.99808229953175809	0.9980822995317581	0.000000e+00	0.000000e+00	0.000000e+00
FOXP2	-0.072593001036036497	-0.07259300103599875	1.0141756079779269	1.0141756079778892	3.774758e-14	3.774758e-14	3.774758e-14
SREBF1	0.042495526300229458	0.04249552630027187	0.98252031228763148	0.9825203122875891	4.241052e-14	4.241052e-14	4.241052e-14
SREBF2	0.039359721817731952	0.03935972181776992	0.98460348424494093	0.984603484244903	3.796963e-14	3.796963e-14	3.796963e-14
THAP1	-0.018070704962069195	-0.018070704962084738	0.99371600629816959	0.9937160062981851	1.554312e-14	1.554312e-14	1.554312e-14
KLF5	0.019409187245094883	0.019409187245164494	0.97794198516033581	0.9779419851602662	6.961098e-14	6.961098e-14	6.961098e-14
DMRT3	-0.024104032206093917	-0.02410403220606372	1.0115848676399519	1.0115848676399217	3.019807e-14	3.019807e-14	3.019807e-14
FOXG1	-0.07008678809777058	-0.0700867880977375	1.0129405842048791	1.012940584204846	3.308465e-14	3.308465e-14	3.308465e-14
LBX1	-0.023206565326862827	-0.02320656532679799	1.0121807641782232	1.0121807641781584	6.483702e-14	6.483702e-14	6.483702e-14
NFATC3	-0.043292324920277458	-0.04329232492025015	1.0111049709934219	1.0111049709933946	2.731149e-14	2.731149e-14	2.731149e-14
POU6F1	-0.027888225315962356	-0.02788822531591595	1.0168437383605486	1.0168437383605022	4.640732e-14	4.640732e-14	4.640732e-14
SHOX	-0.041565473925131324	-0.04156547392507692	1.0175536917637058	1.0175536917636514	5.440093e-14	5.440093e-14	5.440093e-14
ALX3	-0.042232959846434825	-0.042232959846363105	1.0144066603781032	1.0144066603780315	7.172041e-14	7.172041e-14	7.172041e-14
BARHL2	-0.038139317263202632	-0.038139317263182204	1.0103544770323578	1.0103544770323374	2.042810e-14	2.042810e-14	2.042810e-14
BHLHE41	0.061848263139692605	0.06184826313972225	0.98164221245052574	0.9816422124504961	2.964295e-14	2.964295e-14	2.964295e-14
CENPB	0.12248980362603823	0.12248980362601081	0.99684668170635948	0.9968466817063869	2.742251e-14	2.742251e-14	2.742251e-14
CREB3	0.021462083991152014	0.02146208399111804	0.99781168483767202	0.997811684837706	3.397282e-14	3.397282e-14	3.397282e-14
DBP	-0.046533346767187567	-0.046533346767124506	1.0127183508915198	1.0127183508914568	6.306067e-14	6.306067e-14	6.306067e-14
ELF4	0.011175423457377875	0.011175423457349565	0.99579528291181074	0.995795282911839	2.831069e-14	2.831069e-14	2.831069e-14
ELF5	-0.052013479590965472	-0.052013479590972134	1.0032379154590312	1.0032379154590378	6.661338e-15	6.661338e-15	6.661338e-15
EN1	-0.036715840541553302	-0.036715840541524436	1.0107252402191347	1.0107252402191058	2.886580e-14	2.886580e-14	2.886580e-14
EN2	-0.03513749378495834	-0.035137493784965446	1.008458848864441	1.0084588488644481	7.105427e-15	7.105427e-15	7.105427e-15
ESX1	-0.040258501955524939	-0.040258501955469206	1.0162082277054061	1.0162082277053504	5.573320e-14	5.573320e-14	5.573320e-14
ETV6	-0.049238057931148216	-0.04923805793118896	0.99516826582511175	0.9951682658251525	4.074519e-14	4.074519e-14	4.074519e-14
FLI1	-0.043888794484366223	-0.04388879448440686	1.0026018863267383	1.002601886326779	4.063416e-14	4.063416e-14	4.063416e-14
FOXI1	-0.053747543084759486	-0.053747543084761484	1.0099337907464876	1.0099337907464896	1.998401e-15	1.998401e-15	1.998401e-15
FOXL1	-0.028937064600182527	-0.028937064600132345	1.0126474054239671	1.012647405423917	5.018208e-14	5.018208e-14	5.018208e-14
FOXO3	-0.07341492863071386	-0.0734149286307012	1.011960395516265	1.0119603955162524	1.265654e-14	1.265654e-14	1.265654e-14
GCM1	0.021482516713893451	0.021482516713863697	0.99209716442006135	0.9920971644200911	2.975398e-14	2.975398e-14	2.975398e-14
GRHL1	-0.042622437798085611	-0.0426224377980734	1.0108611864782453	1.010861186478233	1.221245e-14	1.221245e-14	1.221245e-14
GSC	-0.025123696338035129	-0.025123696338072876	1.0048349734172781	1.0048349734173159	3.774758e-14	3.774758e-14	3.774758e-14
HEY2	0.052796502983467497	0.05279650298350602	0.98210001166123895	0.9821000116612004	3.852474e-14	3.852474e-14	3.852474e-14
HINFP	0.27699660478586863	0.2769966047860114	0.96223134059686266	0.9622313405967199	1.427747e-13	1.427747e-13	1.427747e-13
HNF1A	-0.021133834322055289	-0.021133834322016876	1.0245676934942987	1.0245676934942602	3.841372e-14	3.841372e-14	3.841372e-14
HNF1B	-0.025437634744956417	-0.025437634744898907	1.0156702309805365	1.015670230980479	5.750955e-14	5.750955e-14	5.750955e-14
HOXC11	-0.030730025303980169	-0.030730025303935316	1.0132282870946081	1.0132282870945633	4.485301e-14	4.485301e-14	4.485301e-14
HSF1	-0.037033647297777583	-0.03703364729779224	1.0084204531460732	1.0084204531460879	1.465494e-14	1.465494e-14	1.465494e-14
IRF8	-0.081533707575082492	-0.08153370757508582	1.009936426350299	1.0099364263503023	3.330669e-15	3.330669e-15	3.330669e-15
IRF9	-0.075397907462103841	-0.07539790746209118	1.0130747031447807	1.013074703144768	1.265654e-14	1.265654e-14	1.265654e-14
ISX	-0.032343323137179358	-0.03234332313711519	1.0129786336054281	1.0129786336053639	6.417089e-14	6.417089e-14	6.417089e-14
JDP2	-0.080440352740420051	-0.08044035274044425	1.0052982353360955	1.0052982353361197	2.420286e-14	2.420286e-14	2.420286e-14
JDP2(var.2)	-0.078715072309126111	-0.07871507230913322	1.0062215734545898	1.006221573454597	7.105427e-15	7.105427e-15	7.105427e-15
KLF13	-0.017409300624406709	-0.0174093006244338	0.99531793767360799	0.9953179376736351	2.708944e-14	2.708944e-14	2.708944e-14
LHX6	-0.033982055399961686	-0.03398205539991794	1.0170811357382985	1.0170811357382548	4.374279e-14	4.374279e-14	4.374279e-14
MEF2B	0.045876335946080316	0.045876335946111624	1.006891234389041	1.0068912343890097	3.130829e-14	3.130829e-14	3.130829e-14
MEOX1	-0.038427130663212461	-0.038427130663167164	1.0129856273145457	1.0129856273145004	4.529710e-14	4.529710e-14	4.529710e-14
MIXL1	-0.035762229347820695	-0.035762229347747865	1.0152226205398205	1.0152226205397477	7.283063e-14	7.283063e-14	7.283063e-14
MLX	0.017864921207157658	0.017864921207152995	0.99025373721040955	0.9902537372104142	4.662937e-15	4.662937e-15	4.662937e-15
MLXIPL	-0.012672034781202157	-0.012672034781223585	0.99525493329743597	0.9952549332974574	2.142730e-14	2.142730e-14	2.142730e-14
MSC	-0.035676405422325419	-0.03567640542236816	0.99969073600614355	0.9996907360061863	4.274359e-14	4.274359e-14	4.274359e-14
MSX1	-0.039901124358187823	-0.039901124358179385	1.010120597907842	1.0101205979078336	8.437695e-15	8.437695e-15	8.437695e-15
MYF6	-0.042291663733444507	-0.04229166373346738	1.0067671559413696	1.0067671559413924	2.287059e-14	2.287059e-14	2.287059e-14
NEUROD2	-0.019009362329194257	-0.019009362329216906	1.0060722804365538	1.0060722804365765	2.264855e-14	2.264855e-14	2.264855e-14
NEUROG2	-0.017328071319649974	-0.017328071319672844	1.0054179252228925	1.0054179252229154	2.287059e-14	2.287059e-14	2.287059e-14
NFIA	-0.034873727166038981	-0.034873727166063184	1.0063893859928639	1.006389385992888	2.420286e-14	2.420286e-14	2.420286e-14
NFIX	-0.035171151332969663	-0.035171151332993866	1.0063240331953982	1.0063240331954224	2.420286e-14	2.420286e-14	2.420286e-14
NHLH1	0.024907766281507038	0.024907766281531796	0.98363534832204114	0.9836353483220164	2.475797e-14	2.475797e-14	2.475797e-14
NKX2-3	-0.028575130193883136	-0.028575130193894682	1.0024685252490335	1.002468525249045	1.154632e-14	1.154632e-14	1.154632e-14
NKX2-8	-0.027936206671087871	-0.027936206671094754	1.0021422108880551	1.002142210888062	6.883383e-15	6.883383e-15	6.883383e-15
NKX6-1	-0.032995105681240866	-0.032995105681191794	1.0132255058981665	1.0132255058981174	4.907186e-14	4.907186e-14	4.907186e-14
NKX6-2	-0.035302211165268771	-0.035302211165206376	1.0136195857909251	1.0136195857908628	6.239453e-14	6.239453e-14	6.239453e-14
OLIG2	-0.024874412107813493	-0.02487441210778818	1.0106485861390715	1.0106485861390462	2.531308e-14	2.531308e-14	2.531308e-14
PAX4	-0.036185451074065456	-0.03618545107404614	1.0112046735575773	1.011204673557558	1.931788e-14	1.931788e-14	1.931788e-14
PAX7	-0.03729005834108623	-0.03729005834103227	1.0182792408248045	1.0182792408247505	5.395684e-14	5.395684e-14	5.395684e-14
POU4F2	-0.029754041299685952	-0.029754041299629552	1.0170638504900935	1.0170638504900371	5.639933e-14	5.639933e-14	5.639933e-14
SP4	0.13655826150607697	0.13655826150614236	0.97754278523317284	0.9775427852331074	6.539214e-14	6.539214e-14	6.539214e-14
SPDEF	0.01369278373432159	0.013692783734287839	0.99963556168528001	0.9996355616853138	3.375078e-14	3.375078e-14	3.375078e-14
SPIC	-0.083075592107369256	-0.0830755921073677	1.0126546426117538	1.0126546426117522	1.554312e-15	1.554312e-15	1.554312e-15
SRF	-0.046671697743764007	-0.04667169774378066	1.0095854191965909	1.0095854191966076	1.665335e-14	1.665335e-14	1.665335e-14
TBXT	-0.012592967586251946	-0.012592967586265269	1.0052784425024277	1.005278442502441	1.332268e-14	1.332268e-14	1.332268e-14
TBX2	-0.050638482981046007	-0.050638482981061994	1.0068062051875166	1.0068062051875326	1.598721e-14	1.598721e-14	1.598721e-14
TBX20	-0.036875956201365967	-0.0368759562013824	1.0050934112511056	1.005093411251122	1.643130e-14	1.643130e-14	1.643130e-14
TBX21	0.0065382710663122179	0.006538271066302226	1.000087715891661	1.000087715891671	9.992007e-15	9.992007e-15	9.992007e-15
TFAP4	-0.012502716312839501	-0.012502716312882245	0.99634455109773179	0.9963445510977745	4.274359e-14	4.274359e-14	4.274359e-14
TFCP2	-0.043104660430184016	-0.04310466043021821	1.0066999775163021	1.0066999775163363	3.419487e-14	3.419487e-14	3.419487e-14
TFEB	-0.060664547624532217	-0.06066454762453932	1.0007287370885354	1.0007287370885425	7.105427e-15	7.105427e-15	7.105427e-15
ZBTB7B	0.0095606176729460257	0.009560617672923044	0.99171686943701454	0.9917168694370375	2.298162e-14	2.298162e-14	2.298162e-14
ZBTB7C	0.040589689844089172	0.040589689844069854	0.99152138310521876	0.9915213831052381	1.931788e-14	1.931788e-14	1.931788e-14
ZIC1	-0.00032755344198120984	-0.00032755344194213	0.98161116835434725	0.9816111683543082	3.907985e-14	3.907985e-14	3.907985e-14
ZIC3	0.041092350926915655	0.041092350926966725	0.97959439665015746	0.9795943966501064	5.107026e-14	5.107026e-14	5.107026e-14
ZBTB18	-0.0044915445609581273	-0.004491544560995875	1.0002610164756354	1.0002610164756731	3.774758e-14	3.774758e-14	3.774758e-14
LBX2	-0.036351787675418357	-0.03635178767536151	1.0132194797046525	1.0132194797045957	5.684342e-14	5.684342e-14	5.684342e-14
MEOX2	-0.038887595718560153	-0.038887595718508194	1.0139857437125663	1.0139857437125144	5.195844e-14	5.195844e-14	5.195844e-14
MNX1	-0.03739530549779102	-0.03739530549773196	1.0160187425901954	1.0160187425901364	5.906386e-14	5.906386e-14	5.906386e-14
MSX2	-0.040236827502681538	-0.04023682750267177	1.0107576081909253	1.0107576081909155	9.769963e-15	9.769963e-15	9.769963e-15
NOTO	-0.035132108385125815	-0.03513210838508163	1.0165160694989537	1.0165160694989095	4.418688e-14	4.418688e-14	4.418688e-14
OTX1	-0.014838302471006592	-0.014838302471003484	1.0103201956732768	1.0103201956732737	3.108624e-15	3.108624e-15	3.108624e-15
PDX1	-0.034448969675572427	-0.03444896967553068	1.0130785606572796	1.013078560657238	4.174439e-14	4.174439e-14	4.174439e-14
PHOX2A	-0.037436338843693018	-0.037436338843635064	1.0152578556060343	1.0152578556059764	5.795364e-14	5.795364e-14	5.795364e-14
PITX3	0.0026609296855522047	0.002660929685533775	1.0060065043928703	1.0060065043928887	1.842970e-14	1.842970e-14	1.842970e-14
PROP1	-0.032494469559727346	-0.03249446955966917	1.0172146979996346	1.0172146979995764	5.817569e-14	5.817569e-14	5.817569e-14
PRRX1	-0.040121210357325743	-0.04012121035726979	1.0163287272325443	1.0163287272324883	5.595524e-14	5.595524e-14	5.595524e-14
RAX2	-0.03630518053578291	-0.03630518053572607	1.0154013412636214	1.0154013412635645	5.684342e-14	5.684342e-14	5.684342e-14
RAX	-0.042355378171179625	-0.04235537817113011	1.0177470529615296	1.01774705296148	4.951595e-14	4.951595e-14	4.951595e-14
RHOXF1	-0.00026686063585623643	-0.00026686063583647446	1.0101517110088098	1.01015171100879	1.976197e-14	1.976197e-14	1.976197e-14
UNCX	-0.04195317498133766	-0.041953174981283925	1.0178748804762714	1.0178748804762177	5.373479e-14	5.373479e-14	5.373479e-14
VAX1	-0.035283108257965989	-0.035283108257909146	1.0141296646845772	1.0141296646845204	5.684342e-14	5.684342e-14	5.684342e-14
VAX2	-0.037275288413072927	-0.037275288413030516	1.0133837056125732	1.0133837056125308	4.241052e-14	4.241052e-14	4.241052e-14
VENTX	0.007991150995869889	0.007991150995891427	1.0103526515644485	1.010352651564427	2.153833e-14	2.153833e-14	2.153833e-14
VSX1	-0.014935889064821017	-0.014935889064767727	1.0134933682042768	1.0134933682042235	5.329071e-14	5.329071e-14	5.329071e-14
VSX2	-0.0082048277939374969	-0.008204827793884428	1.0125671378645853	1.0125671378645322	5.306866e-14	5.306866e-14	5.306866e-14
ESR1	0.074332871573449144	0.07433287157351964	0.97511961196598962	0.9751196119659191	7.049916e-14	7.049916e-14	7.049916e-14
ESRRB	-0.002374815563373045	-0.0023748155634194523	1.0020035979240871	1.0020035979241335	4.640732e-14	4.640732e-14	4.640732e-14
NR2F1	0.062089571406660937	0.062089571406708344	0.97135804018894167	0.9713580401888943	4.740652e-14	4.740652e-14	4.740652e-14
NR3C1	-0.025079950975933074	-0.02507995097597082	1.0036221505961509	1.0036221505961886	3.774758e-14	3.774758e-14	3.774758e-14
NR3C2	-0.025056994548797284	-0.02505699454883703	1.0029335937863786	1.0029335937864183	3.974598e-14	3.974598e-14	3.974598e-14
RARA	0.033057473900732548	0.03305747390078284	0.97454471945994481	0.9745447194598945	5.029310e-14	5.029310e-14	5.029310e-14
RARA(var.2)	-0.015653254982894049	-0.015653254982921583	0.99573039442728861	0.9957303944273161	2.753353e-14	2.753353e-14	2.753353e-14
BCL6B	-0.038189256603132438	-0.03818925660314132	1.008109509374423	1.008109509374432	8.881784e-15	8.881784e-15	8.881784e-15
EGR2	0.11452324974738726	0.11452324974739791	0.98445581749471522	0.9844558174947046	1.065814e-14	1.065814e-14	1.065814e-14
EGR3	0.081890547493859711	0.08189054749390634	0.98213983997595389	0.9821398399759073	4.662937e-14	4.662937e-14	4.662937e-14
EGR4	0.09613739125267895	0.09613739125269372	0.98737762747109514	0.9873776274710804	1.476597e-14	1.476597e-14	1.476597e-14
GLIS1	0.045689685941669889	0.04568968594168177	0.98541586786999125	0.9854158678699794	1.187939e-14	1.187939e-14	1.187939e-14
GLIS2	0.024396034522690013	0.024396034522743526	0.98033540518696494	0.9803354051869114	5.351275e-14	5.351275e-14	5.351275e-14
GLIS3	0.037656609676175123	0.03765660967620088	0.98178063291293027	0.9817806329129045	2.575717e-14	2.575717e-14	2.575717e-14
HIC2	0.011917380735774197	0.0119173807357702	0.99256935285614656	0.9925693528561506	3.996803e-15	3.996803e-15	3.996803e-15
KLF14	0.15427796647133241	0.15427796647139536	0.97991399527524548	0.9799139952751825	6.294965e-14	6.294965e-14	6.294965e-14
KLF16	-0.0026733313040242512	-0.0026733313039561946	0.97844404773932936	0.9784440477392613	6.805667e-14	6.805667e-14	6.805667e-14
SP8	0.054969232791019396	0.054969232791060474	0.98297569018045761	0.9829756901804165	4.107825e-14	4.107825e-14	4.107825e-14
ZBED1	0.066087548565219256	0.06608754856521548	1.0060473709304305	1.0060473709304343	3.774758e-15	3.774758e-15	3.774758e-15
ZIC4	0.0063333452569586113	0.006333345256991696	0.98216983632601262	0.9821698363259795	3.308465e-14	3.308465e-14	3.308465e-14
ZNF143	-0.032126308567040129	-0.032126308567069106	0.99816930739367926	0.9981693073937082	2.897682e-14	2.897682e-14	2.897682e-14
ZNF410	-0.026190079303554659	-0.02619007930353734	1.0094826107096724	1.009482610709655	1.731948e-14	1.731948e-14	1.731948e-14
CUX1	-0.0087138636367745104	-0.00871386363673543	1.0124975485233865	1.0124975485233474	3.907985e-14	3.907985e-14	3.907985e-14
CUX2	-0.0074860015531987845	-0.007486001553140831	1.0138007582149164	1.0138007582148585	5.795364e-14	5.795364e-14	5.795364e-14
ONECUT2	-0.023857791956632957	-0.023857791956566787	1.0157396062750517	1.0157396062749855	6.616929e-14	6.616929e-14	6.616929e-14
ONECUT3	-0.022459893610013992	-0.022459893609970694	1.0239000745750728	1.0239000745750295	4.329870e-14	4.329870e-14	4.329870e-14
E2F7	-0.011262585375516609	-0.011262585375570566	1.0056646105139955	1.0056646105140494	5.395684e-14	5.395684e-14	5.395684e-14
ELK3	0.069946859468541067	0.06994685946850254	0.99755227844655026	0.9975522784465888	3.852474e-14	3.852474e-14	3.852474e-14
ERF	-0.076912491196767352	-0.07691249119680643	1.0029033308949	1.002903330894939	3.907985e-14	3.907985e-14	3.907985e-14
ERG	-0.059320402576680809	-0.05932040257672344	1.0027237413230055	1.002723741323048	4.263256e-14	4.263256e-14	4.263256e-14
ETS1	-0.088794091478354265	-0.08879409147839623	1.0028434974566067	1.0028434974566487	4.196643e-14	4.196643e-14	4.196643e-14
ETV2	-0.061323093155545738	-0.06132309315553264	1.0046630981244624	1.0046630981244493	1.310063e-14	1.310063e-14	1.310063e-14
ETV3	0.048268401788817306	0.04826840178877689	0.99661515230507591	0.9966151523051163	4.041212e-14	4.041212e-14	4.041212e-14
FEV	-0.011781986943433798	-0.01178198694347199	1.0017143153521475	1.0017143153521857	3.819167e-14	3.819167e-14	3.819167e-14
GCM2	0.056978500313442426	0.056978500313406455	0.99747316694854238	0.9974731669485783	3.597123e-14	3.597123e-14	3.597123e-14
LEF1	-0.064876504564926663	-0.0648765045649109	1.0108152483382749	1.010815248338259	1.576517e-14	1.576517e-14	1.576517e-14
HSF2	-0.044509612288815337	-0.044509612288822664	1.0089855138635169	1.0089855138635242	7.327472e-15	7.327472e-15	7.327472e-15
HSF4	-0.036528662114644339	-0.0365286621146621	1.0081973898133454	1.0081973898133632	1.776357e-14	1.776357e-14	1.776357e-14
IRF7	-0.081093938479518624	-0.08109393847947954	1.0150136427138348	1.0150136427137957	3.907985e-14	3.907985e-14	3.907985e-14
MEF2D	0.04422232472455967	0.0442223247245932	1.0080362914090943	1.0080362914090608	3.352874e-14	3.352874e-14	3.352874e-14
MEIS1	-0.03776359237771143	-0.03776359237775584	1.004000175360648	1.0040001753606924	4.440892e-14	4.440892e-14	4.440892e-14
MEIS2	-0.03200354329771149	-0.03200354329775745	1.0028312432431019	1.0028312432431479	4.596323e-14	4.596323e-14	4.596323e-14
MEIS3	-0.0055033457555203613	-0.0055033457555563325	0.99824916796292373	0.9982491679629597	3.597123e-14	3.597123e-14	3.597123e-14
MYBL1	-0.0084503105673192636	-0.008450310567323038	1.0089656628755774	1.0089656628755812	3.774758e-15	3.774758e-15	3.774758e-15
MYBL2	-0.039468713051629023	-0.03946871305163435	1.0093070887409159	1.0093070887409212	5.329071e-15	5.329071e-15	5.329071e-15
NFKB1	0.10052312236634853	0.10052312236641647	0.97484808832324221	0.9748480883231743	6.794565e-14	6.794565e-14	6.794565e-14
NFKB2	0.098789681994546741	0.09878968199458582	0.98201759526895616	0.9820175952689171	3.907985e-14	3.907985e-14	3.907985e-14
PAX1	0.04704183344985946	0.047041833449838255	0.99625048257406457	0.9962504825740858	2.120526e-14	2.120526e-14	2.120526e-14
PAX3	-0.04036261434354349	-0.040362614343489533	1.0183593961376201	1.018359396137566	5.395684e-14	5.395684e-14	5.395684e-14
PAX9	0.062447941283978015	0.062447941283986785	0.98949171224492982	0.989491712244921	8.770762e-15	8.770762e-15	8.770762e-15
PKNOX2	-0.0079002920556799916	-0.007900292055715519	0.99755841120978195	0.9975584112098175	3.552714e-14	3.552714e-14	3.552714e-14
POU1F1	-0.045647594204851649	-0.04564759420479192	1.0143456767402199	1.0143456767401602	5.973000e-14	5.973000e-14	5.973000e-14
POU2F1	-0.057599237082737731	-0.05759923708267867	1.0143792686543596	1.0143792686543005	5.906386e-14	5.906386e-14	5.906386e-14
POU3F1	-0.05969533712464814	-0.059695337124588854	1.0145145240242144	1.014514524024155	5.928591e-14	5.928591e-14	5.928591e-14
POU3F2	-0.064121726098303355	-0.06412172609824474	1.013868493230256	1.0138684932301973	5.861978e-14	5.861978e-14	5.861978e-14
POU3F3	-0.051411494091299637	-0.05141149409123702	1.0155444205278508	1.0155444205277881	6.261658e-14	6.261658e-14	6.261658e-14
POU3F4	-0.068489408998598122	-0.06848940899854417	1.0131123088243235	1.0131123088242695	5.395684e-14	5.395684e-14	5.395684e-14
POU4F1	-0.028066661969901707	-0.028066661969847306	1.0179041309674504	1.017904130967396	5.440093e-14	5.440093e-14	5.440093e-14
POU4F3	-0.030502605842938846	-0.030502605842884445	1.0180868748579763	1.018086874857922	5.440093e-14	5.440093e-14	5.440093e-14
POU5F1B	-0.073151437684486065	-0.07315143768442744	1.0137287513969462	1.0137287513968876	5.861978e-14	5.861978e-14	5.861978e-14
POU6F2	-0.023892770634235339	-0.023892770634203364	1.0114250485179188	1.0114250485178868	3.197442e-14	3.197442e-14	3.197442e-14
PROX1	-0.029864730564772013	-0.02986473056479355	1.007208570431849	1.0072085704318705	2.153833e-14	2.153833e-14	2.153833e-14
RFX2	-0.11602818295928818	-0.11602818295930284	1.0055796739791101	1.0055796739791247	1.465494e-14	1.465494e-14	1.465494e-14
SMAD3	-0.038765431229860647	-0.03876543122991016	1.0031428669464562	1.0031428669465057	4.951595e-14	4.951595e-14	4.951595e-14
TGIF1	-0.011292871641928381	-0.01129287164196524	0.99872191844755298	0.9987219184475898	3.685940e-14	3.685940e-14	3.685940e-14
TGIF2	-0.010931923123273179	-0.010931923123309928	0.99911899939162097	0.9991189993916577	3.674838e-14	3.674838e-14	3.674838e-14
RFX4	-0.010278145671886341	-0.010278145671877126	0.99721757650657183	0.9972175765065626	9.214851e-15	9.214851e-15	9.214851e-15
RFX5	-0.11531306652187545	-0.11531306652189965	1.0046303171735733	1.0046303171735975	2.420286e-14	2.420286e-14	2.420286e-14
RUNX2	-0.066448804292628783	-0.06644880429266431	1.0052605739916929	1.0052605739917284	3.552714e-14	3.552714e-14	3.552714e-14
EOMES	-0.045799540153690588	-0.04579954015370169	1.0070262730084441	1.0070262730084552	1.110223e-14	1.110223e-14	1.110223e-14
MGA	0.013189061489383147	0.013189061489375042	0.99085750381286652	0.9908575038128746	8.104628e-15	8.104628e-15	8.104628e-15
TBR1	-0.039587086648921077	-0.03958708664894306	1.0053296449151772	1.0053296449151992	2.198242e-14	2.198242e-14	2.198242e-14
TBX15	0.01359289871657321	0.013592898716566437	0.99038662610539996	0.9903866261054067	6.772360e-15	6.772360e-15	6.772360e-15
TBX19	-0.033311689460481908	-0.03331168946046814	1.0102329607197795	1.0102329607197658	1.376677e-14	1.376677e-14	1.376677e-14
TBX1	0.011247254657724248	0.011247254657711259	0.99207409487354159	0.9920740948735546	1.298961e-14	1.298961e-14	1.298961e-14
TBX4	0.0087537278208097424	0.008753727820797197	0.9913961534569361	0.9913961534569486	1.254552e-14	1.254552e-14	1.254552e-14
TBX5	0.0085883400009229005	0.008588340000909689	0.9915500985957616	0.9915500985957748	1.321165e-14	1.321165e-14	1.321165e-14
TEAD3	-0.012804413518192836	-0.012804413518229918	1.0035712474220186	1.0035712474220557	3.708145e-14	3.708145e-14	3.708145e-14
TFAP2A(var.2)	-0.0088364717659566994	-0.008836471765902076	0.98065088494771935	0.9806508849476647	5.462297e-14	5.462297e-14	5.462297e-14
TFAP2B	-0.012983464646399656	-0.012983464646356802	0.98200304223775536	0.9820030422377125	4.285461e-14	4.285461e-14	4.285461e-14
TFAP2B(var.2)	0.0076561958205686453	0.0076561958206194936	0.98005952521570061	0.9800595252156498	5.084821e-14	5.084821e-14	5.084821e-14
TFAP2B(var.3)	0.015204813238495429	0.01520481323858125	0.97660526955726246	0.9766052695571766	8.582024e-14	8.582024e-14	8.582024e-14
TFAP2C	-0.015250587699365936	-0.01525058769932397	0.982092880388443	0.982092880388401	4.196643e-14	4.196643e-14	4.196643e-14
TFAP2C(var.3)	0.01767631030375949	0.01767631030385186	0.97619214455752445	0.9761921445574321	9.237056e-14	9.237056e-14	9.237056e-14
BHLHE40	0.044100341392585674	0.04410034139260932	0.9830026934028292	0.9830026934028055	2.364775e-14	2.364775e-14	2.364775e-14
BHLHE23	-0.021522286900551468	-0.021522286900539256	1.0086707876696841	1.0086707876696719	1.221245e-14	1.221245e-14	1.221245e-14
BHLHE22	-0.017040055856112235	-0.017040055856116454	1.0070925064965219	1.0070925064965262	4.218847e-15	4.218847e-15	4.218847e-15
CLOCK	-0.063741930308539252	-0.06374193030856523	1.0026634891358095	1.0026634891358355	2.597922e-14	2.597922e-14	2.597922e-14
FIGLA	0.019948461513877858	0.019948461513872418	0.98809174899838692	0.9880917489983924	5.440093e-15	5.440093e-15	5.440093e-15
HES5	0.050335151248190435	0.05033515124825061	0.97488157775821538	0.9748815777581552	6.017409e-14	6.017409e-14	6.017409e-14
HES7	0.063006845155695657	0.06300684515576638	0.97316223214206332	0.9731622321419926	7.072121e-14	7.072121e-14	7.072121e-14
HEY1	0.048715039206340016	0.0487150392063721	0.98247345649226969	0.9824734564922376	3.208545e-14	3.208545e-14	3.208545e-14
MAX	-0.044121324273231233	-0.04412132427324811	0.99017851929689071	0.9901785192969076	1.687539e-14	1.687539e-14	1.687539e-14
MNT	-0.019922276127789962	-0.01992227612781239	0.99026346923441366	0.9902634692344361	2.242651e-14	2.242651e-14	2.242651e-14
OLIG1	-0.019025268790371697	-0.019025268790358818	1.0082098167002633	1.0082098167002504	1.287859e-14	1.287859e-14	1.287859e-14
OLIG3	-0.023355924673089667	-0.023355924673059025	1.011263847392454	1.0112638473924234	3.064216e-14	3.064216e-14	3.064216e-14
SREBF2(var.2)	0.050350004116200497	0.05035000411630042	0.96511484782720391	0.965114847827104	9.992007e-14	9.992007e-14	9.992007e-14
ATF7	-0.059038167968160082	-0.05903816796817274	1.0065302376621033	1.006530237662116	1.265654e-14	1.265654e-14	1.265654e-14
CEBPB	0.014593608910096645	0.014593608910113076	1.0085315317808354	1.008531531780819	1.643130e-14	1.643130e-14	1.643130e-14
CEBPE	0.011048976526561338	0.011048976526576215	1.0084286631379333	1.0084286631379185	1.487699e-14	1.487699e-14	1.487699e-14
CEBPG	0.044678408483896925	0.0446784084839309	1.0043199058477712	1.0043199058477372	3.397282e-14	3.397282e-14	3.397282e-14
CREB3L1	-0.018995291166181594	-0.01899529116621168	0.99733452239233922	0.9973345223923693	3.008704e-14	3.008704e-14	3.008704e-14
NFE2	-0.04274941151371725	-0.042749411513751445	1.001961881342502	1.0019618813425362	3.419487e-14	3.419487e-14	3.419487e-14
TEF	-0.044914169323232112	-0.04491416932317016	1.0128101842290373	1.0128101842289754	6.195044e-14	6.195044e-14	6.195044e-14
XBP1	0.020827158627326647	0.020827158627287568	0.99743411479368282	0.9974341147937219	3.907985e-14	3.907985e-14	3.907985e-14
FOXB1	-0.029878805213623183	-0.029878805213580772	1.0211192709109398	1.0211192709108974	4.241052e-14	4.241052e-14	4.241052e-14
FOXC1	-0.021430223001957183	-0.02143022300191988	1.0239273805115716	1.0239273805115343	3.730349e-14	3.730349e-14	3.730349e-14
FOXC2	-0.039590814680081077	-0.03959081468004644	1.023835546877669	1.0238355468776343	3.463896e-14	3.463896e-14	3.463896e-14
FOXO4	-0.053747543084759486	-0.053747543084761484	1.0099337907464876	1.0099337907464896	1.998401e-15	1.998401e-15	1.998401e-15
FOXO6	-0.053747543084759486	-0.053747543084761484	1.0099337907464876	1.0099337907464896	1.998401e-15	1.998401e-15	1.998401e-15
FOXP3	-0.053747543084759486	-0.053747543084761484	1.0099337907464876	1.0099337907464896	1.998401e-15	1.998401e-15	1.998401e-15
RXRB	-0.033825979226240532	-0.0338259792262654	1.0008389309688317	1.0008389309688566	2.486900e-14	2.486900e-14	2.486900e-14
RXRG	-0.030163317979550186	-0.030163317979574833	1.0010787118881539	1.0010787118881785	2.464695e-14	2.464695e-14	2.464695e-14
TP63	-0.029701768934022765	-0.029701768934048522	1.0048950007425974	1.0048950007426232	2.575717e-14	2.575717e-14	2.575717e-14
TP53	-0.011282773114290601	-0.01128277311431325	1.0017833666449383	1.001783366644961	2.264855e-14	2.264855e-14	2.264855e-14
TP73	-0.0057801589931967268	-0.005780158993221929	0.99937657485341491	0.9993765748534401	2.520206e-14	2.520206e-14	2.520206e-14
GMEB2	0.10571981133844788	0.10571981133845387	1.0107735098787562	1.0107735098787503	5.995204e-15	5.995204e-15	5.995204e-15
MTF1	-0.004410195745832457	-0.004410195745883638	0.99771136829537055	0.9977113682954217	5.118128e-14	5.118128e-14	5.118128e-14
E2F1	0.17497842850732004	0.1749784285073387	0.9859906836787945	0.9859906836787758	1.865175e-14	1.865175e-14	1.865175e-14
E2F8	-0.019615983035655926	-0.019615983035706774	1.0036453521467579	1.0036453521468087	5.084821e-14	5.084821e-14	5.084821e-14
SOX21	-0.030633426774584804	-0.030633426774552386	1.0115119858143067	1.0115119858142743	3.241851e-14	3.241851e-14	3.241851e-14
TFAP2A(var.3)	0.010269930455733656	0.010269930455820364	0.97674814054924963	0.9767481405491629	8.670842e-14	8.670842e-14	8.670842e-14
ELK1	0.1229131152348496	0.12291311523482285	0.99413303353184868	0.9941330335318754	2.675637e-14	2.675637e-14	2.675637e-14
HOXD12	-0.032492569887002665	-0.032492569886958034	1.0129467336324045	1.0129467336323599	4.463097e-14	4.463097e-14	4.463097e-14
BARX1	-0.033269538675931742	-0.03326953867587379	1.0125163885120818	1.0125163885120239	5.795364e-14	5.795364e-14	5.795364e-14
BSX	-0.043816340635585926	-0.043816340635561724	1.0119256823756753	1.011925682375651	2.420286e-14	2.420286e-14	2.420286e-14
DLX6	-0.030887953643983224	-0.030887953643921273	1.0124088566089298	1.0124088566088678	6.195044e-14	6.195044e-14	6.195044e-14
DUXA	-0.035746008470410984	-0.03574600847037546	1.0097829396128819	1.0097829396128464	3.552714e-14	3.552714e-14	3.552714e-14
EMX2	-0.015173065687373199	-0.015173065687335674	1.0131665399173957	1.0131665399173582	3.752554e-14	3.752554e-14	3.752554e-14
EVX1	-0.0087356510737663928	-0.00873565107372376	1.0119584270670008	1.0119584270669582	4.263256e-14	4.263256e-14	4.263256e-14
EVX2	-0.0090997835655317605	-0.009099783565494013	1.0114390566944407	1.011439056694403	3.774758e-14	3.774758e-14	3.774758e-14
GBX1	-0.040180294195728106	-0.04018029419570346	1.0113159054116592	1.0113159054116345	2.464695e-14	2.464695e-14	2.464695e-14
GBX2	-0.044084872391380925	-0.04408487239134562	1.0124215711764428	1.0124215711764075	3.530509e-14	3.530509e-14	3.530509e-14
GSC2	-0.0077076958121290451	-0.007707695812143034	1.0071700648307116	1.0071700648307256	1.398881e-14	1.398881e-14	1.398881e-14
GSX1	-0.034700131008100987	-0.03470013100803793	1.0163507487852637	1.0163507487852006	6.306067e-14	6.306067e-14	6.306067e-14
HESX1	-0.043257134672953557	-0.04325713467290804	1.0166943724142838	1.0166943724142383	4.551914e-14	4.551914e-14	4.551914e-14
HMBOX1	-0.033487300312955437	-0.03348730031293079	1.0120924035269849	1.0120924035269603	2.464695e-14	2.464695e-14	2.464695e-14
HOXA10	-0.029084813518802655	-0.02908481351874248	1.0154293891279618	1.0154293891279016	6.017409e-14	6.017409e-14	6.017409e-14
HOXB3	-0.033362574895334007	-0.03336257489528227	1.0152110610737575	1.0152110610737057	5.173639e-14	5.173639e-14	5.173639e-14
HOXC10	-0.036458889835987884	-0.03645888983595347	1.0106438916937242	1.0106438916936897	3.441691e-14	3.441691e-14	3.441691e-14
HOXC12	-0.028798083611986991	-0.028798083611942138	1.013083872994236	1.0130838729941911	4.485301e-14	4.485301e-14	4.485301e-14
HOXC13	-0.030834788196360541	-0.030834788196344554	1.0106464759356792	1.0106464759356633	1.598721e-14	1.598721e-14	1.598721e-14
HOXD11	-0.025368635369064751	-0.02536863536901479	1.0134644910614112	1.0134644910613613	4.996004e-14	4.996004e-14	4.996004e-14
ISL2	-0.023954250211979389	-0.023954250211974726	1.010278291018099	1.0102782910180943	4.662937e-15	4.662937e-15	4.662937e-15
FOXK1	-0.075786383985717909	-0.07578638398568882	1.0130073741986321	1.013007374198603	2.908784e-14	2.908784e-14	2.908784e-14
GATA2	-0.055482842602516569	-0.05548284260251213	1.0105581739972949	1.0105581739972904	4.440892e-15	4.440892e-15	4.440892e-15
HIF1A	0.091298851999313757	0.09129885199933763	0.98500785628902643	0.9850078562890026	2.386980e-14	2.386980e-14	2.386980e-14
MYC	-0.0089721134604954234	-0.008972113460479103	0.98305197787646192	0.9830519778764456	1.632028e-14	1.632028e-14	1.632028e-14
MYB	-0.03506308761781074	-0.0350630876178345	1.0066143979429614	1.0066143979429851	2.375877e-14	2.375877e-14	2.375877e-14
MYCN	-0.043724880501649355	-0.04372488050163825	0.98459176457404096	0.9845917645740299	1.110223e-14	1.110223e-14	1.110223e-14
NEUROD1	-0.013927814938767269	-0.013927814938807681	0.99739517878704065	0.9973951787870811	4.041212e-14	4.041212e-14	4.041212e-14
NFIC	-0.012456148216480445	-0.012456148216516971	0.99599243888303801	0.9959924388830745	3.652634e-14	3.652634e-14	3.652634e-14
NFYA	-0.075319720552095126	-0.07531972055213709	1.0036796682969216	1.0036796682969635	4.196643e-14	4.196643e-14	4.196643e-14
NR1H4	-0.025386040474242533	-0.02538604047427806	1.0056366980073463	1.0056366980073819	3.552714e-14	3.552714e-14	3.552714e-14
NR2F2	0.0084716033659595347	0.008471603365917568	1.0017184189591679	1.0017184189592099	4.196643e-14	4.196643e-14	4.196643e-14
PAX5	0.069979015045466886	0.06997901504545567	0.99033711530817459	0.9903371153081858	1.121325e-14	1.121325e-14	1.121325e-14
PBX3	-0.017925751236183007	-0.017925751236216203	0.99920942996293272	0.9992094299629659	3.319567e-14	3.319567e-14	3.319567e-14
POU5F1	-0.026888354560694161	-0.026888354560653083	1.0115638177663688	1.0115638177663278	4.107825e-14	4.107825e-14	4.107825e-14
RBPJ	-0.020343285586745252	-0.020343285586791215	0.99880812730604129	0.9988081273060873	4.596323e-14	4.596323e-14	4.596323e-14
RELB	0.0018919066940566998	0.0018919066940144003	0.99566324616479684	0.9956632461648391	4.229950e-14	4.229950e-14	4.229950e-14
SIX1	-0.038851132550143497	-0.03885113255015482	1.0080381926639348	1.0080381926639461	1.132427e-14	1.132427e-14	1.132427e-14
SIX2	-0.050471306211241518	-0.05047130621123819	1.0089916954414719	1.0089916954414686	3.330669e-15	3.330669e-15	3.330669e-15
SOX10	-0.055628531924169722	-0.05562853192417527	1.0095256227004594	1.009525622700465	5.551115e-15	5.551115e-15	5.551115e-15
SOX13	-0.037141080380036939	-0.037141080380032276	1.0092110731984352	1.0092110731984305	4.662937e-15	4.662937e-15	4.662937e-15
TEAD2	0.0042320918719982448	0.004232091871959831	1.0022589160747912	1.0022589160748296	3.841372e-14	3.841372e-14	3.841372e-14
TFDP1	0.23850491993215805	0.23850491993220058	0.9797717761705691	0.9797717761705266	4.252154e-14	4.252154e-14	4.252154e-14
ZBTB7A	0.017312740487219869	0.01731274048721454	0.98553757792604635	0.9855375779260517	5.329071e-15	5.329071e-15	5.329071e-15
ZEB1	0.03885040380244964	0.03885040380250249	0.97846458950750381	0.978464589507451	5.284662e-14	5.284662e-14	5.284662e-14
ZNF24	-0.032503321803768359	-0.03250332180373017	1.0158888376287918	1.0158888376287536	3.819167e-14	3.819167e-14	3.819167e-14
ZNF282	-0.038645504473183601	-0.03864550447322623	1.0020430113653358	1.0020430113653784	4.263256e-14	4.263256e-14	4.263256e-14
ZSCAN4	-0.0033373337239693823	-0.0033373337240348855	1.0032192050369844	1.0032192050370499	6.550316e-14	6.550316e-14	6.550316e-14
GATA3	-0.056023198227247772	-0.05602319822725377	1.0096069387164235	1.0096069387164295	5.995204e-15	5.995204e-15	5.995204e-15
FOS::JUN	-0.077053606947658171	-0.07705360694767838	1.005313665178093	1.0053136651781132	2.020606e-14	2.020606e-14	2.020606e-14
FOS::JUN(var.2)	-0.064101470090888735	-0.06410147009087319	1.0107506020991339	1.0107506020991184	1.554312e-14	1.554312e-14	1.554312e-14
FOSB::JUN	-0.065329386023448399	-0.06532938602346194	1.0073268116740104	1.007326811674024	1.354472e-14	1.354472e-14	1.354472e-14
FOSL1::JUN	-0.084726360476657603	-0.0847263604766676	1.0065457966608351	1.006545796660845	9.992007e-15	9.992007e-15	9.992007e-15
FOSL1::JUN(var.2)	-0.070440528275910408	-0.07044052827589264	1.007980796371746	1.0079807963717282	1.776357e-14	1.776357e-14	1.776357e-14
FOSL2::JUN	-0.087937770259916004	-0.087937770259928	1.0062300476066419	1.006230047606654	1.199041e-14	1.199041e-14	1.199041e-14
FOSL2::JUN(var.2)	-0.082246638749086443	-0.08224663874910287	1.0073901075288518	1.0073901075288683	1.643130e-14	1.643130e-14	1.643130e-14
JUN::JUNB	-0.074192749841531791	-0.07419274984154733	1.0065557220523629	1.0065557220523784	1.554312e-14	1.554312e-14	1.554312e-14
JUN::JUNB(var.2)	-0.045953176857818301	-0.04595317685783451	1.0064336220093109	1.006433622009327	1.620926e-14	1.620926e-14	1.620926e-14
FOS::JUNB	-0.087415213738669229	-0.08741521373869343	1.0051385235151471	1.0051385235151713	2.420286e-14	2.420286e-14	2.420286e-14
FOSB::JUNB	-0.075290417309154423	-0.07529041730917863	1.0047367276213393	1.0047367276213635	2.420286e-14	2.420286e-14	2.420286e-14
FOSB::JUNB(var.2)	-0.066455008097846324	-0.0664550080978572	1.0068041925867641	1.006804192586775	1.088019e-14	1.088019e-14	1.088019e-14
FOSL1::JUNB	-0.100768752269076	-0.10076875226907045	1.0089438107478028	1.0089438107477973	5.551115e-15	5.551115e-15	5.551115e-15
FOSL2::JUNB	-0.086711245327179109	-0.08671124532719443	1.0060316660248758	1.0060316660248911	1.532108e-14	1.532108e-14	1.532108e-14
FOSL2::JUNB(var.2)	-0.087748711851379779	-0.08774871185138156	1.0083306990053991	1.0083306990054008	1.776357e-15	1.776357e-15	1.776357e-15
FOS::JUND	-0.077150291267514493	-0.0771502912675347	1.0048510690372434	1.0048510690372636	2.020606e-14	2.020606e-14	2.020606e-14
FOSL1::JUND	-0.09230231601682326	-0.09230231601681838	1.0089561412348789	1.008956141234874	4.884981e-15	4.884981e-15	4.884981e-15
FOSL1::JUND(var.2)	-0.044051225289451157	-0.04405122528943628	1.0085269391430185	1.0085269391430036	1.487699e-14	1.487699e-14	1.487699e-14
FOSL2::JUND	-0.07478336124864815	-0.07478336124866858	1.0048561309051054	1.0048561309051258	2.042810e-14	2.042810e-14	2.042810e-14
FOSL2::JUND(var.2)	-0.075281347680453692	-0.0752813476804628	1.007468114309882	1.0074681143098911	9.103829e-15	9.103829e-15	9.103829e-15
NR1H4::RXRA	-0.039700117706205518	-0.03970011770622617	1.003310458832773	1.0033104588327937	2.065015e-14	2.065015e-14	2.065015e-14
NR4A2::RXRA	-0.028422342553184099	-0.028422342553207858	0.9977406061890941	0.9977406061891179	2.375877e-14	2.375877e-14	2.375877e-14
PPARA::RXRA	-0.04587945986313835	-0.04587945986315234	1.0076566449416713	1.0076566449416853	1.398881e-14	1.398881e-14	1.398881e-14
RARA::RXRG	-0.025926730042570401	-0.02592673004259549	0.99814156652289543	0.9981415665229205	2.509104e-14	2.509104e-14	2.509104e-14
RORB	-0.038670197311523435	-0.03867019731154275	1.007877711255776	1.0078777112557953	1.931788e-14	1.931788e-14	1.931788e-14
RORC	-0.031079327788876565	-0.031079327788876787	1.0096127093489056	1.0096127093489058	2.220446e-16	2.220446e-16	2.220446e-16
SOX15	-0.038957011192097379	-0.03895701119205941	1.0186760741224827	1.0186760741224448	3.796963e-14	3.796963e-14	3.796963e-14
TFE3	-0.053118524081519847	-0.05311852408154272	0.9979528695459795	0.9979528695460024	2.287059e-14	2.287059e-14	2.287059e-14
VDR	0.028487845216720431	0.028487845216720653	0.99980947688301691	0.9998094768830167	2.220446e-16	2.220446e-16	2.220446e-16
IRF3	-0.087153369472733	-0.08715336947271524	1.0155533378777595	1.0155533378777417	1.776357e-14	1.776357e-14	1.776357e-14
IRF4	-0.083655172546229006	-0.08365517254622745	1.0107433680447118	1.0107433680447102	1.554312e-15	1.554312e-15	1.554312e-15
IRF5	-0.063576347582053661	-0.06357634758207276	1.008773830007597	1.0087738300076161	1.909584e-14	1.909584e-14	1.909584e-14
TCF7L1	-0.056350241628610687	-0.05635024162861313	1.0092989605396334	1.0092989605396359	2.442491e-15	2.442491e-15	2.442491e-15
ARGFX	-0.037091864828708632	-0.03709186482864513	1.0151385543064171	1.0151385543063536	6.350476e-14	6.350476e-14	6.350476e-14
ARNT2	0.043366168401232974	0.04336616840125651	0.98342392940371148	0.983423929403688	2.353673e-14	2.353673e-14	2.353673e-14
ATF6	0.013795214174426751	0.013795214174392334	0.99616486549328898	0.9961648654933234	3.441691e-14	3.441691e-14	3.441691e-14
ATOH1(var.2)	-0.024396209286407289	-0.024396209286439707	0.99728412956410206	0.9972841295641345	3.241851e-14	3.241851e-14	3.241851e-14
ATOH7	-0.023534901901384631	-0.02353490190138685	1.0078355559659029	1.0078355559659051	2.220446e-15	2.220446e-15	2.220446e-15
BACH2	-0.05758372212019347	-0.05758372212022611	1.0047791448791161	1.0047791448791488	3.264056e-14	3.264056e-14	3.264056e-14
BACH2(var.2)	-0.046732749531585793	-0.04673274953157558	1.0102438381171392	1.010243838117129	1.021405e-14	1.021405e-14	1.021405e-14
BARX2	0.0016870127241528365	0.0016870127242114563	1.0156855295670668	1.0156855295670082	5.861978e-14	5.861978e-14	5.861978e-14
BHLHA15(var.2)	-0.02820660660503449	-0.02820660660506913	0.99825325896256134	0.998253258962596	3.463896e-14	3.463896e-14	3.463896e-14
CDX4	-0.032938809473487818	-0.03293880947344607	1.0124975316784743	1.0124975316784326	4.174439e-14	4.174439e-14	4.174439e-14
CREB3L4	0.01071502985530659	0.010715029855280056	0.99394673420646729	0.9939467342064938	2.653433e-14	2.653433e-14	2.653433e-14
CREB3L4(var.2)	0.035975210485124753	0.03597521048509977	0.99637133918694976	0.9963713391869747	2.498002e-14	2.498002e-14	2.498002e-14
DLX5	-0.016788216182099691	-0.016788216182053506	1.0117788200411928	1.0117788200411466	4.618528e-14	4.618528e-14	4.618528e-14
DMRTA2	-0.03510445224362424	-0.03510445224357006	1.0131319203780926	1.0131319203780385	5.417888e-14	5.417888e-14	5.417888e-14
DMRTC2	-0.032042046555018189	-0.032042046554970005	1.0125500436779471	1.012550043677899	4.818368e-14	4.818368e-14	4.818368e-14
DPRX	-0.012726538200902748	-0.012726538200908966	1.0077543112214271	1.0077543112214333	6.217249e-15	6.217249e-15	6.217249e-15
DRGX	-0.038466772743909972	-0.03846677274385846	1.0148309307076882	1.0148309307076366	5.151435e-14	5.151435e-14	5.151435e-14
ELF2	0.042140185432040123	0.04214018543200404	0.99725859270241524	0.9972585927024513	3.608225e-14	3.608225e-14	3.608225e-14
ETS2	-0.023882748931515652	-0.023882748931550735	0.99884106165185116	0.9988410616518862	3.508305e-14	3.508305e-14	3.508305e-14
FERD3L	-5.1639611122755724e-05	-5.163961112963911e-5	0.99012828521325402	0.9901282852132609	6.883383e-15	6.883383e-15	6.883383e-15
FOXE1	-0.04455546001703703	-0.04455546001699395	1.0161259674032159	1.0161259674031728	4.307665e-14	4.307665e-14	4.307665e-14
FOXN3	-0.067949967147961088	-0.06794996714793267	1.0136304507370992	1.0136304507370708	2.842171e-14	2.842171e-14	2.842171e-14
GLI3	0.084494949446952239	0.08449494944700453	0.97759551218876828	0.977595512188716	5.229150e-14	5.229150e-14	5.229150e-14
HES6	0.047724201251921228	0.04772420125195598	0.97997957580692807	0.9799795758068933	3.474998e-14	3.474998e-14	3.474998e-14
HNF4A(var.2)	-0.025426629583491622	-0.025426629583525595	1.0029611339874078	1.0029611339874418	3.397282e-14	3.397282e-14	3.397282e-14
HOXA1	-0.020727981257586792	-0.020727981257565253	1.0112742084830284	1.0112742084830069	2.153833e-14	2.153833e-14	2.153833e-14
HOXA4	-0.033630946941727413	-0.03363094694168789	1.0107038082947508	1.0107038082947113	3.952394e-14	3.952394e-14	3.952394e-14
HOXA6	-0.037198543014618779	-0.037198543014578145	1.0131659743646826	1.013165974364642	4.063416e-14	4.063416e-14	4.063416e-14
HOXA7	-0.013218660123546444	-0.013218660123530679	1.0099903855002947	1.009990385500279	1.576517e-14	1.576517e-14	1.576517e-14
HOXB4	-0.030215430081017791	-0.03021543008096672	1.0125463890689284	1.0125463890688773	5.107026e-14	5.107026e-14	5.107026e-14
HOXB6	-0.034936723364823119	-0.03493672336477893	1.0135269978030412	1.013526997802997	4.418688e-14	4.418688e-14	4.418688e-14
HOXB7	-0.038988757510063476	-0.03898875751003594	1.0119588670596011	1.0119588670595736	2.753353e-14	2.753353e-14	2.753353e-14
HOXB8	-0.028873824828967609	-0.028873824828930084	1.0121855330654557	1.0121855330654181	3.752554e-14	3.752554e-14	3.752554e-14
HOXB9	-0.032559265843430718	-0.03255926584338564	1.0129556748540702	1.0129556748540252	4.507505e-14	4.507505e-14	4.507505e-14
HOXC4	-0.033971159500146508	-0.03397115950009211	1.0137957310533263	1.013795731053272	5.440093e-14	5.440093e-14	5.440093e-14
HOXC8	-0.023041648978664675	-0.023041648978632034	1.0116227040583077	1.011622704058275	3.264056e-14	3.264056e-14	3.264056e-14
HOXD10	-0.036568145957823317	-0.03656814595778135	1.0128161167969305	1.0128161167968885	4.196643e-14	4.196643e-14	4.196643e-14
HOXD4	-0.032985453998019221	-0.03298545399796282	1.0143988852076273	1.014398885207571	5.639933e-14	5.639933e-14	5.639933e-14
IKZF1	-0.094908971894124061	-0.09490897189413605	1.0061161748084888	1.0061161748085008	1.199041e-14	1.199041e-14	1.199041e-14
IRF6	0.10491708480210127	0.10491708480205508	1.0023530753879641	1.0023530753880103	4.618528e-14	4.618528e-14	4.618528e-14
KLF10	-0.0071842736262686113	-0.007184273626233972	0.98505933141281599	0.9850593314127813	3.463896e-14	3.463896e-14	3.463896e-14
KLF11	0.064105220002842911	0.06410522000289476	0.98242445223706465	0.9824244522370128	5.184742e-14	5.184742e-14	5.184742e-14
KLF15	0.33661703692159395	0.33661703692169254	0.98064734684594268	0.9806473468458441	9.858780e-14	9.858780e-14	9.858780e-14
KLF17	0.0042304907050808582	0.004230490705113832	0.98255511952135133	0.9825551195213184	3.297362e-14	3.297362e-14	3.297362e-14
KLF2	0.11865708687485721	0.11865708687491283	0.98298744543559236	0.9829874454355367	5.562217e-14	5.562217e-14	5.562217e-14
KLF3	0.1208308324793832	0.12083083247944137	0.9832201952130446	0.9832201952129864	5.817569e-14	5.817569e-14	5.817569e-14
KLF6	0.052699937281940556	0.052699937281982745	0.98515004573688403	0.9851500457368418	4.218847e-14	4.218847e-14	4.218847e-14
LHX1	-0.0084763113775736532	-0.008476311377564771	1.0090955881853589	1.00909558818535	8.881784e-15	8.881784e-15	8.881784e-15
LHX5	-0.03561472211668848	-0.03561472211664318	1.0135060940821128	1.0135060940820675	4.529710e-14	4.529710e-14	4.529710e-14
MAF	-0.038061104756938802	-0.03806110475696323	1.0022407396191957	1.0022407396192201	2.442491e-14	2.442491e-14	2.442491e-14
MAFA	-0.015506324335679333	-0.01550632433570176	0.99579426663285864	0.9957942666328811	2.242651e-14	2.242651e-14	2.242651e-14
MAZ	0.17333040810761857	0.1733304081077277	0.97173774578764593	0.9717377457875368	1.091349e-13	1.091349e-13	1.091349e-13
MSANTD3	-0.010390107427763806	-0.010390107427795225	0.99668222672969975	0.9966822267297312	3.141931e-14	3.141931e-14	3.141931e-14
MSGN1	-0.020642468411723014	-0.0206424684117672	1.0054418473064539	1.005441847306498	4.418688e-14	4.418688e-14	4.418688e-14
NFATC4	-0.040208507374089875	-0.04020850737408255	1.0100211353064534	1.010021135306446	7.327472e-15	7.327472e-15	7.327472e-15
NFIC(var.2)	0.032303062046961428	0.03230306204699096	0.9817854872573718	0.9817854872573423	2.953193e-14	2.953193e-14	2.953193e-14
NFIX(var.2)	-0.013198944299560922	-0.013198944299553372	0.98688202428112415	0.9868820242811166	7.549517e-15	7.549517e-15	7.549517e-15
NHLH2	0.026188447812096616	0.026188447812121818	0.98283361396938251	0.9828336139693573	2.520206e-14	2.520206e-14	2.520206e-14
NKX6-3	-0.034707431007135581	-0.03470743100709872	1.0112670401783783	1.0112670401783415	3.685940e-14	3.685940e-14	3.685940e-14
NR1D1	0.062842573345763597	0.06284257334582655	0.96914562385211611	0.9691456238520532	6.294965e-14	6.294965e-14	6.294965e-14
NR1D2	-0.0013792255730529224	-0.0013792255730624703	0.99997520306733245	0.999975203067342	9.547918e-15	9.547918e-15	9.547918e-15
NR1I2	0.021473976581525278	0.02147397658151362	0.99770574663904865	0.9977057466390603	1.165734e-14	1.165734e-14	1.165734e-14
NR1I3	-0.033879740395417302	-0.033879740395399094	1.0098404288973981	1.00984042889738	1.820766e-14	1.820766e-14	1.820766e-14
NR2C1	0.0088983529313126919	0.008898352931269615	0.99939861551075326	0.9993986155107963	4.307665e-14	4.307665e-14	4.307665e-14
NR2C2(var.2)	0.0012742280230273462	0.0012742280229827152	1.0028251401123207	1.0028251401123653	4.463097e-14	4.463097e-14	4.463097e-14
NR2F1(var.2)	-0.015159486907444841	-0.015159486907470932	0.99587733220929586	0.995877332209322	2.609024e-14	2.609024e-14	2.609024e-14
NR2F1(var.3)	-0.020214045831505323	-0.02021404583152464	0.99663460468965659	0.9966346046896759	1.931788e-14	1.931788e-14	1.931788e-14
NR2F6(var.3)	-0.023414612618079977	-0.023414612618096076	0.99356498897515155	0.9935649889751677	1.609823e-14	1.609823e-14	1.609823e-14
NR5A1	0.035635255764382756	0.035635255764355445	0.99091232616446157	0.9909123261644889	2.731149e-14	2.731149e-14	2.731149e-14
NR6A1	-0.01993266361816981	-0.019932663618187352	1.0024113328185451	1.0024113328185627	1.754152e-14	1.754152e-14	1.754152e-14
OSR1	-0.011262536361206776	-0.011262536361229425	1.0026125175508573	1.00261251755088	2.264855e-14	2.264855e-14	2.264855e-14
OVOL1	0.062456735539473396	0.06245673553944853	1.0084498817969929	1.0084498817970178	2.486900e-14	2.486900e-14	2.486900e-14
OVOL2	0.061185839954331689	0.061185839954309484	1.0087691883214533	1.0087691883214756	2.220446e-14	2.220446e-14	2.220446e-14
PAX3(var.2)	0.010862484705387532	0.010862484705391084	1.0087031386018965	1.008703138601893	3.552714e-15	3.552714e-15	3.552714e-15
PITX2	0.04783445476178616	0.04783445476178594	0.99270990549229277	0.992709905492293	2.220446e-16	2.220446e-16	2.220446e-16
PLAGL2	-0.017486351395842537	-0.017486351395762156	0.97895351429683319	0.9789535142967528	8.038015e-14	8.038015e-14	8.038015e-14
POU6F1(var.2)	-0.033647131551400977	-0.03364713155138743	1.0099772153934357	1.0099772153934221	1.354472e-14	1.354472e-14	1.354472e-14
PPARD	-0.028571809047474583	-0.028571809047494567	1.0017340981133862	1.0017340981134062	1.998401e-14	1.998401e-14	1.998401e-14
RARB(var.3)	0.030241423344104512	0.03024142334410651	0.99585865948216157	0.9958586594821596	1.998401e-15	1.998401e-15	1.998401e-15
RARG(var.3)	0.011858905735051328	0.011858905735044556	0.99953776234513203	0.9995377623451388	6.772360e-15	6.772360e-15	6.772360e-15
RFX7	-0.067135015376630802	-0.06713501537664568	1.0059410926879684	1.0059410926879833	1.487699e-14	1.487699e-14	1.487699e-14
RXRB(var.2)	0.082194850141469655	0.08219485014149408	0.9889018770836443	0.9889018770836199	2.442491e-14	2.442491e-14	2.442491e-14
RXRG(var.2)	0.10964829343315929	0.10964829343320415	0.98273711537383002	0.9827371153737852	4.485301e-14	4.485301e-14	4.485301e-14
SMAD5	-0.027597374190162949	-0.027597374190215795	1.0011334078239114	1.0011334078239642	5.284662e-14	5.284662e-14	5.284662e-14
SNAI1	0.036488666386124247	0.03648866638616344	0.97850040494443913	0.9785004049443999	3.919087e-14	3.919087e-14	3.919087e-14
SNAI3	0.04404802169061417	0.044048021690658246	0.97763951005739147	0.9776395100573474	4.407585e-14	4.407585e-14	4.407585e-14
SOHLH2	0.045079113248458702	0.0450791132484587	0.98448883722699021	0.9844888372269902	0.000000e+00	0.000000e+00	0.000000e+00
SOX12	-0.02479876059043562	-0.02479876059043562	1.0088567134655333	1.0088567134655333	0.000000e+00	0.000000e+00	0.000000e+00
SOX14	-0.037265935670849681	-0.037265935670903194	1.0043888500414651	1.0043888500415186	5.351275e-14	5.351275e-14	5.351275e-14
SOX18	-0.013348903937956957	-0.013348903937990264	1.0037622037047205	1.0037622037047538	3.330669e-14	3.330669e-14	3.330669e-14
SP9	0.13731244117614372	0.137312441176221	0.97824364749124082	0.9782436474911635	7.727152e-14	7.727152e-14	7.727152e-14
TBX18	0.016281762510377384	0.01628176251036817	0.99351389443262461	0.9935138944326338	9.214851e-15	9.214851e-15	9.214851e-15
TBX3	0.0088746024884268637	0.008874602488411654	0.99327935171524595	0.9932793517152612	1.521006e-14	1.521006e-14	1.521006e-14
TBX6	0.0083883513798532761	0.008388351379835735	0.99716531289946198	0.9971653128994795	1.754152e-14	1.754152e-14	1.754152e-14
TCF21(var.2)	-0.019093693539777079	-0.0190936935397924	1.0049418965237273	1.0049418965237427	1.532108e-14	1.532108e-14	1.532108e-14
TFAP2E	0.0080484882263689439	0.008048488226447104	0.9776192069230295	0.9776192069229513	7.815970e-14	7.815970e-14	7.815970e-14
TFAP4(var.2)	-0.02891283534902489	-0.028912835349020005	1.0083165393467073	1.0083165393467024	4.884981e-15	4.884981e-15	4.884981e-15
TGIF2LX	-0.0088047335023974105	-0.008804733502438045	0.99850410339657425	0.9985041033966149	4.063416e-14	4.063416e-14	4.063416e-14
TGIF2LY	-0.019700885042757132	-0.01970088504280021	1.0003659396259248	1.0003659396259679	4.307665e-14	4.307665e-14	4.307665e-14
THAP11	0.028630113695333748	0.02863011369533419	0.99267383357149486	0.9926738335714944	4.440892e-16	4.440892e-16	4.440892e-16
THRB	-0.019562311974881119	-0.01956231197489955	0.9984932644844996	0.998493264484518	1.842970e-14	1.842970e-14	1.842970e-14
THRB(var.2)	-0.020917480743268047	-0.020917480743296357	0.99561335726916145	0.9956133572691898	2.831069e-14	2.831069e-14	2.831069e-14
THRB(var.3)	0.017063804127983251	0.017063804127983473	0.98895274798766597	0.9889527479876657	2.220446e-16	2.220446e-16	2.220446e-16
TLX2	-0.031164308336897095	-0.031164308336834923	1.0130422951048377	1.0130422951047755	6.217249e-14	6.217249e-14	6.217249e-14
VEZF1	0.014936712102370797	0.0149367121024222	0.98043066795941769	0.9804306679593663	5.140333e-14	5.140333e-14	5.140333e-14
ZBTB26	-0.035816535304210473	-0.03581653530424045	1.0063739101364964	1.0063739101365263	2.997602e-14	2.997602e-14	2.997602e-14
ZBTB32	-0.025886380461750735	-0.025886380461735192	1.00995219582998	1.0099521958299644	1.554312e-14	1.554312e-14	1.554312e-14
ZBTB6	0.054420279714219921	0.054420279714285646	0.97120724940549641	0.9712072494054307	6.572520e-14	6.572520e-14	6.572520e-14
ZFP57	0.23879935539142538	0.2387993553914307	0.99099210005203719	0.9909921000520319	5.329071e-15	5.329071e-15	5.329071e-15
ZIC5	0.011663909442636844	0.011663909442689246	0.97998538907566435	0.979985389075612	5.240253e-14	5.240253e-14	5.240253e-14
ZKSCAN1	-0.027195452943490905	-0.027195452943527987	1.0036918318179138	1.0036918318179509	3.708145e-14	3.708145e-14	3.708145e-14
ZNF135	0.079202816149287814	0.07920281614942393	0.95388065163475566	0.9538806516346195	1.361133e-13	1.361133e-13	1.361133e-13
ZNF136	0.018006094467300615	0.01800609446731838	1.0090455925435913	1.0090455925435735	1.776357e-14	1.776357e-14	1.776357e-14
ZNF140	0.059051476965571448	0.05905147696557689	0.98997836640611059	0.9899783664061051	5.440093e-15	5.440093e-15	5.440093e-15
ZNF274	-0.040688990166165007	-0.04068899016620675	1.0023281597290068	1.0023281597290485	4.174439e-14	4.174439e-14	4.174439e-14
ZNF317	-0.033458078491430898	-0.03345807849146909	1.0033655786575142	1.0033655786575524	3.819167e-14	3.819167e-14	3.819167e-14
ZNF382	-0.036714510075340545	-0.036714510075327444	1.0080896783038824	1.0080896783038693	1.310063e-14	1.310063e-14	1.310063e-14
ZNF460	0.12029503825596732	0.12029503825610655	0.95805908467998968	0.9580590846798505	1.392220e-13	1.392220e-13	1.392220e-13
ZNF528	-0.029329772424919964	-0.02932977242494239	0.99960456041326617	0.9996045604132886	2.242651e-14	2.242651e-14	2.242651e-14
ZNF682	-0.021739523663079408	-0.02173952366306553	0.98766790665800119	0.9876679066579873	1.387779e-14	1.387779e-14	1.387779e-14
ZNF684	-0.016657217061413432	-0.01665721706144807	0.99608936387057834	0.996089363870613	3.463896e-14	3.463896e-14	3.463896e-14
ZNF75D	-0.00266438117710599	-0.002664381177145181	0.99237657061364171	0.9923765706136809	3.919087e-14	3.919087e-14	3.919087e-14
ZSCAN29	-0.0059748459196473647	-0.005974845919682004	1.0016285829244267	1.0016285829244613	3.463896e-14	3.463896e-14	3.463896e-14
ASCL1	0.0034544669921431348	0.0034544669921573457	0.98550338939001292	0.9855033893899987	1.421085e-14	1.421085e-14	1.421085e-14
ATF3	-0.081567289877623739	-0.08156728987764017	1.0054087052205305	1.005408705220547	1.643130e-14	1.643130e-14	1.643130e-14
BARHL1	-0.053404786833373574	-0.053404786833413986	1.0073082583627095	1.00730825836275	4.041212e-14	4.041212e-14	4.041212e-14
BATF::JUN	-0.10270020372077193	-0.10270020372079147	1.0071702000714069	1.0071702000714264	1.953993e-14	1.953993e-14	1.953993e-14
BCL6	-0.045050677964645569	-0.04505067796465023	1.0084223025190038	1.0084223025190084	4.662937e-15	4.662937e-15	4.662937e-15
CDX1	-0.033054668996536751	-0.033054668996499226	1.0120321317431495	1.012032131743112	3.752554e-14	3.752554e-14	3.752554e-14
E2F2	0.12038174587985961	0.12038174587995965	0.97527684228404621	0.9752768422839462	1.000311e-13	1.000311e-13	1.000311e-13
E2F3	0.01502963995724671	0.015029639957194085	1.005807473275717	1.0058074732757696	5.262457e-14	5.262457e-14	5.262457e-14
E2F4	0.13274147421101878	0.1327414742110702	0.98185521940033016	0.9818552194002788	5.140333e-14	5.140333e-14	5.140333e-14
EMX1	-0.037374725687301935	-0.03737472568729372	1.0109434958694339	1.0109434958694257	8.215650e-15	8.215650e-15	8.215650e-15
FOXD2	-0.034079574306165927	-0.034079574306131066	1.0241672700237914	1.0241672700237565	3.486100e-14	3.486100e-14	3.486100e-14
GATA5	-0.061977800872406674	-0.06197780087240623	1.0100595180720857	1.0100595180720853	4.440892e-16	4.440892e-16	4.440892e-16
GFI1	-0.016288788958828015	-0.016288788958838674	1.0043158066652746	1.0043158066652853	1.065814e-14	1.065814e-14	1.065814e-14
GLI2	0.083693250070611347	0.08369325007066553	0.97714329524049037	0.9771432952404362	5.417888e-14	5.417888e-14	5.417888e-14
GSX2	-0.035506798453320831	-0.03550679845327864	1.013050606561781	1.0130506065617388	4.218847e-14	4.218847e-14	4.218847e-14
HES1	0.1611451789095556	0.161145178909609	0.97845760513917324	0.9784576051391198	5.340173e-14	5.340173e-14	5.340173e-14
HES2	0.11253580412866571	0.11253580412871689	0.97901867217523963	0.9790186721751885	5.118128e-14	5.118128e-14	5.118128e-14
HOXA13	-0.029030093104492893	-0.029030093104455146	1.0121723559829214	1.0121723559828837	3.774758e-14	3.774758e-14	3.774758e-14
HOXA2	-0.031474600440213218	-0.031474600440203226	1.0108524109948458	1.0108524109948358	9.992007e-15	9.992007e-15	9.992007e-15
HOXA5	-0.017480492150092397	-0.017480492150070415	1.0111336609010073	1.0111336609009853	2.198242e-14	2.198242e-14	2.198242e-14
HOXA9	0.058251048466249067	0.05825104846625484	1.0115267116927407	1.011526711692735	5.773160e-15	5.773160e-15	5.773160e-15
HOXB2	-0.02904167808072089	-0.029041678080711564	1.0107676551377693	1.01076765513776	9.325873e-15	9.325873e-15	9.325873e-15
HOXB5	-0.018276546823821627	-0.018276546823800532	1.0113060660347375	1.0113060660347164	2.109424e-14	2.109424e-14	2.109424e-14
HOXC9	-0.033047646927414354	-0.033047646927368834	1.0127770726475493	1.0127770726475038	4.551914e-14	4.551914e-14	4.551914e-14
HOXD13	-0.0061080118310281595	-0.0061080118310030684	1.0103252656975821	1.010325265697557	2.509104e-14	2.509104e-14	2.509104e-14
HOXD3	-0.031933214337578675	-0.031933214337565574	1.0111629041334744	1.0111629041334613	1.310063e-14	1.310063e-14	1.310063e-14
HOXD8	-0.012829534485635063	-0.012829534485615302	1.0100904311711236	1.0100904311711039	1.976197e-14	1.976197e-14	1.976197e-14
HOXD9	-0.023376822351923621	-0.023376822351876547	1.0128437499964658	1.0128437499964187	4.707346e-14	4.707346e-14	4.707346e-14
JUNB(var.2)	-0.013751257017242668	-0.013751257017274643	1.0024133814645244	1.0024133814645564	3.197442e-14	3.197442e-14	3.197442e-14
LHX9	-0.027878219959848405	-0.027878219959783568	1.0122124239444135	1.0122124239443486	6.483702e-14	6.483702e-14	6.483702e-14
LMX1A	-0.04257639469167418	-0.04257639469162089	1.0178997989193479	1.0178997989192946	5.329071e-14	5.329071e-14	5.329071e-14
LMX1B	-0.033567944545013995	-0.03356794454495804	1.0183243163826954	1.0183243163826394	5.595524e-14	5.595524e-14	5.595524e-14
NEUROG1	-0.0097275531587978081	-0.009727553158807578	1.0056973778558949	1.0056973778559046	9.769963e-15	9.769963e-15	9.769963e-15
NRL	-0.034726618543462151	-0.03472661854347969	1.0073037033835208	1.0073037033835384	1.754152e-14	1.754152e-14	1.754152e-14
PITX1	0.02014726699203151	0.02014726699201197	1.0025139481996204	1.00251394819964	1.953993e-14	1.953993e-14	1.953993e-14
PRRX2	-0.027077089580600178	-0.027077089580536673	1.0121987880608232	1.0121987880607597	6.350476e-14	6.350476e-14	6.350476e-14
SOX4	-0.067496879178107538	-0.06749687917813063	1.0077468434621617	1.0077468434621848	2.309264e-14	2.309264e-14	2.309264e-14
SOX8	-0.04442509174348297	-0.044425091743463874	1.0112120311790374	1.0112120311790183	1.909584e-14	1.909584e-14	1.909584e-14
SP1	0.12993584458830243	0.12993584458836727	0.97770548937120727	0.9777054893711424	6.483702e-14	6.483702e-14	6.483702e-14
SP2	-0.0050607371465259954	-0.005060737146487693	0.98127284305199869	0.9812728430519604	3.830269e-14	3.830269e-14	3.830269e-14
SP3	0.082354485697239577	0.08235448569729742	0.98099152436171599	0.9809915243616582	5.784262e-14	5.784262e-14	5.784262e-14
TCFL5	0.3766644883291318	0.3766644883291974	0.97794492159766555	0.9779449215975999	6.561418e-14	6.561418e-14	6.561418e-14
TFEC	0.040802517479508249	0.04080251747953312	0.981173995341173	0.9811739953411481	2.486900e-14	2.486900e-14	2.486900e-14
ZNF740	0.0031298508814102677	0.003129850881502194	0.97351052551759287	0.973510525517501	9.192647e-14	9.192647e-14	9.192647e-14
ASCL1(var.2)	0.022299784078865015	0.022299784078900764	0.98069651810931591	0.9806965181092802	3.574918e-14	3.574918e-14	3.574918e-14
ATF2	0.014585227613468366	0.014585227613475582	0.99851938416446329	0.9985193841644561	7.216450e-15	7.216450e-15	7.216450e-15
BACH1	-0.069237611293532675	-0.06923761129356965	0.99911190056731269	0.9991119005673497	3.697043e-14	3.697043e-14	3.697043e-14
BATF	-0.10405047974692172	-0.10405047974693793	1.0075974262168557	1.0075974262168719	1.620926e-14	1.620926e-14	1.620926e-14
BHLHE22(var.2)	0.010368078365787237	0.010368078365805555	0.98478244026806583	0.9847824402680475	1.831868e-14	1.831868e-14	1.831868e-14
CEBPG(var.2)	-0.013525825745022035	-0.013525825744975184	1.0075671377105322	1.0075671377104853	4.685141e-14	4.685141e-14	4.685141e-14
EBF3	-0.017558257733724547	-0.017558257733726212	0.98978862388832722	0.9897886238883289	1.665335e-15	1.665335e-15	1.665335e-15
HAND2	-0.023206410418181278	-0.023206410418228574	1.002473745599471	1.0024737455995183	4.729550e-14	4.729550e-14	4.729550e-14
MEIS1(var.2)	-0.062986219105337637	-0.06298621910527591	1.0131530564559363	1.0131530564558746	6.172840e-14	6.172840e-14	6.172840e-14
MEIS2(var.2)	-0.058119204066510832	-0.05811920406644511	1.0145539172109799	1.0145539172109141	6.572520e-14	6.572520e-14	6.572520e-14
MYF5	-0.015433968414323429	-0.015433968414346522	0.99202742130178956	0.9920274213018127	2.309264e-14	2.309264e-14	2.309264e-14
NEUROG2(var.2)	-0.011465701972879772	-0.011465701972923736	0.99889731966461381	0.9988973196646578	4.396483e-14	4.396483e-14	4.396483e-14
NFIB	0.027205369149978176	0.027205369150001046	0.98453521833754565	0.9845352183375228	2.287059e-14	2.287059e-14	2.287059e-14
NFYC	-0.070222735536718206	-0.0702227355367595	1.0039100197078279	1.0039100197078692	4.130030e-14	4.130030e-14	4.130030e-14
NKX2-2	-0.028206426237248339	-0.02820642623727121	1.0058004282298099	1.0058004282298327	2.287059e-14	2.287059e-14	2.287059e-14
OSR2	-0.0264337400866681	-0.026433740086672097	1.0010495135471926	1.0010495135471966	3.996803e-15	3.996803e-15	3.996803e-15
PRDM4	-0.046258726689155316	-0.04625872668919462	1.0065886460529321	1.0065886460529714	3.930190e-14	3.930190e-14	3.930190e-14
TCF12(var.2)	0.032228961536785339	0.0322289615368303	0.97820130609251688	0.9782013060924719	4.496403e-14	4.496403e-14	4.496403e-14
ZBTB12	-0.014064930883021076	-0.014064930883072702	0.99696693923757396	0.9969669392376256	5.162537e-14	5.162537e-14	5.162537e-14
ZBTB14	0.26921690177949953	0.26921690177959323	0.97924596811624343	0.9792459681161497	9.370282e-14	9.370282e-14	9.370282e-14
ZFP42	-0.028068578031874347	-0.028068578031899438	1.0030538194828067	1.0030538194828318	2.509104e-14	2.509104e-14	2.509104e-14
ZKSCAN5	0.0060789189546077704	0.006078918954581236	0.99470060687435136	0.9947006068743779	2.653433e-14	2.653433e-14	2.653433e-14
ZNF148	0.070851074114159807	0.07085107411425762	0.97305432268667735	0.9730543226865795	9.781065e-14	9.781065e-14	9.781065e-14
ZNF16	-0.02016152330440768	-0.020161523304429885	0.99644539508565444	0.9964453950856766	2.220446e-14	2.220446e-14	2.220446e-14
ZNF341	-0.00076833083024230309	-0.0007683308302877112	0.9949107898366667	0.9949107898367121	4.540812e-14	4.540812e-14	4.540812e-14
ZNF449	-0.010100142907568666	-0.010100142907577547	0.99150733483814124	0.9915073348381501	8.881784e-15	8.881784e-15	8.881784e-15
ZNF652	-0.057571791968570873	-0.05757179196853557	1.0129327131894061	1.0129327131893708	3.530509e-14	3.530509e-14	3.530509e-14
FOXA3	-0.073647643747793312	-0.073647643747764	1.0131319172309774	1.013131917230948	2.930989e-14	2.930989e-14	2.930989e-14
ATF4	-0.023345578263841094	-0.023345578263820443	1.0085805479122454	1.0085805479122247	2.065015e-14	2.065015e-14	2.065015e-14
BATF3	-0.09994170540369729	-0.09994170540370662	1.0083347191187126	1.008334719118722	9.325873e-15	9.325873e-15	9.325873e-15
CDX2	-0.029681990303107253	-0.029681990303051742	1.0138433817184569	1.0138433817184014	5.551115e-14	5.551115e-14	5.551115e-14
CEBPA	-0.024144143438722399	-0.02414414343867244	1.0116692637407594	1.0116692637407094	4.996004e-14	4.996004e-14	4.996004e-14
CEBPD	-0.047792528295436121	-0.04779252829540903	1.0111125254329654	1.0111125254329383	2.708944e-14	2.708944e-14	2.708944e-14
CREB1	-0.075755642127106948	-0.0757556421271185	1.0075763686017349	1.0075763686017465	1.154632e-14	1.154632e-14	1.154632e-14
CTCFL	0.057432461278582814	0.05743246127868151	0.97342885960430015	0.9734288596042014	9.869883e-14	9.869883e-14	9.869883e-14
E2F6	0.068514534296261087	0.06851453429627696	0.98113126237091175	0.9811312623708959	1.587619e-14	1.587619e-14	1.587619e-14
EBF1	-0.020549054224206609	-0.02054905422421527	0.98920786427848073	0.9892078642784894	8.659740e-15	8.659740e-15	8.659740e-15
EGR1	-0.038858755565426617	-0.038858755565511216	0.99258571243307925	0.9925857124331638	8.459899e-14	8.459899e-14	8.459899e-14
EHF	-0.13248073304870811	-0.13248073304872965	1.0040918551974376	1.0040918551974591	2.153833e-14	2.153833e-14	2.153833e-14
ELF1	-0.10970585889001294	-0.10970585889005902	0.99844096305411612	0.9984409630541622	4.607426e-14	4.607426e-14	4.607426e-14
ELF3	-0.12643915250533377	-0.12643915250537885	1.0018434375898073	1.0018434375898524	4.507505e-14	4.507505e-14	4.507505e-14
ESRRA	0.03386918068491751	0.03386918068488576	0.9962500968516167	0.9962500968516484	3.175238e-14	3.175238e-14	3.175238e-14
ETV1	-0.14063042388309854	-0.1406304238831405	1.0001839296588162	1.0001839296588582	4.196643e-14	4.196643e-14	4.196643e-14
ETV4	-0.10862449970001586	-0.10862449970005827	0.99580024311861925	0.9958002431186617	4.241052e-14	4.241052e-14	4.241052e-14
ETV5	-0.0084692726130642937	-0.008469272613102374	0.99418079443981444	0.9941807944398525	3.808065e-14	3.808065e-14	3.808065e-14
FOSL1	-0.098755447746422198	-0.09875544774643041	1.0073861473470571	1.0073861473470653	8.215650e-15	8.215650e-15	8.215650e-15
FOXA1	-0.045302850259870575	-0.04530285025982106	1.0135127821309982	1.0135127821309486	4.951595e-14	4.951595e-14	4.951595e-14
FOXA2	-0.074343610916239977	-0.07434361091619801	1.0140136722382491	1.0140136722382072	4.196643e-14	4.196643e-14	4.196643e-14
FOXK2	-0.074232444809763987	-0.07423244480973556	1.0133590179305882	1.0133590179305598	2.842171e-14	2.842171e-14	2.842171e-14
FOXP1	-0.071991620108505128	-0.07199162010846694	1.0143710227676954	1.0143710227676572	3.819167e-14	3.819167e-14	3.819167e-14
GABPA	-0.13970390308006553	-0.13970390308010883	1.0006332859456835	1.0006332859457268	4.329870e-14	4.329870e-14	4.329870e-14
GATA1	-0.033207563897994286	-0.03320756389796209	1.0117477551725849	1.0117477551725527	3.219647e-14	3.219647e-14	3.219647e-14
GATA4	-0.056156283635858784	-0.05615628363585523	1.0102219422231291	1.0102219422231256	3.552714e-15	3.552714e-15	3.552714e-15
GATA6	-0.050564219570941593	-0.05056421957090229	1.0132877774826436	1.0132877774826043	3.930190e-14	3.930190e-14	3.930190e-14
GRHL2	-0.040106270368138519	-0.04010627036814074	1.0095862277916277	1.0095862277916299	2.220446e-15	2.220446e-15	2.220446e-15
HLF	-0.063064673623582035	-0.06306467362353652	1.0133907691578568	1.0133907691578112	4.551914e-14	4.551914e-14	4.551914e-14
HNF4A	-0.019085254250039929	-0.01908525425006724	1.0059309948487767	1.005930994848804	2.731149e-14	2.731149e-14	2.731149e-14
HNF4G	-0.014380883857268656	-0.0143808838572973	1.0048831244534955	1.0048831244535241	2.864375e-14	2.864375e-14	2.864375e-14
HOXB13	-0.0076533944820849076	-0.007653394482035614	1.0202223474615171	1.0202223474614678	4.929390e-14	4.929390e-14	4.929390e-14
JUNB	-0.10968797654565254	-0.10968797654564966	1.0091070232753667	1.0091070232753638	2.886580e-15	2.886580e-15	2.886580e-15
JUND	-0.10653380089443143	-0.10653380089443609	1.0082675070984612	1.008267507098466	4.662937e-15	4.662937e-15	4.662937e-15
KLF4	-0.011261409407844591	-0.011261409407775425	0.97810332299368408	0.9781033229936149	6.916689e-14	6.916689e-14	6.916689e-14
KLF9	0.0026047142252355604	0.002604714225164728	0.9941042187219139	0.9941042187219847	7.083223e-14	7.083223e-14	7.083223e-14
LHX2	-0.045932649935541803	-0.045932649935486736	1.0137865434929296	1.0137865434928746	5.506706e-14	5.506706e-14	5.506706e-14
MAFF	-0.02948730862415283	-0.029487308624130404	1.0105475663127017	1.0105475663126793	2.242651e-14	2.242651e-14	2.242651e-14
MAFG	-0.02450819906182311	-0.024508199061814007	1.008653374910254	1.0086533749102449	9.103829e-15	9.103829e-15	9.103829e-15
MAFK	0.04688290957792296	0.046882909577963594	0.98244802713545332	0.9824480271354127	4.063416e-14	4.063416e-14	4.063416e-14
MEF2A	0.037824507953659214	0.037824507953696074	1.0128162590030929	1.012816259003056	3.685940e-14	3.685940e-14	3.685940e-14
MITF	-0.087620552204270674	-0.08762055220425047	1.0083449013565668	1.0083449013565466	2.020606e-14	2.020606e-14	2.020606e-14
MXI1	-0.018732516746361672	-0.018732516746401418	1.0027400481864932	1.002740048186533	3.974598e-14	3.974598e-14	3.974598e-14
MYOD1	0.04556425113660878	0.04556425113662488	0.98356431706336545	0.9835643170633493	1.609823e-14	1.609823e-14	1.609823e-14
MYOG	-0.016464003789520176	-0.016464003789534054	0.9907255217067783	0.9907255217067922	1.387779e-14	1.387779e-14	1.387779e-14
MZF1	-0.021588436326544946	-0.021588436326588134	0.99944806173372658	0.9994480617337698	4.318768e-14	4.318768e-14	4.318768e-14
NFE2L1	-0.081996400412376658	-0.08199640041239331	1.0057062964485135	1.0057062964485302	1.665335e-14	1.665335e-14	1.665335e-14
NFIL3	-0.055315365034044106	-0.055315365033985264	1.0136708215502266	1.0136708215501677	5.884182e-14	5.884182e-14	5.884182e-14
NFYB	-0.027389798225603834	-0.027389798225656903	0.99618634645841853	0.9961863464584716	5.306866e-14	5.306866e-14	5.306866e-14
NKX2-5	-0.024806895264450679	-0.02480689526447577	1.006217374739226	1.006217374739251	2.509104e-14	2.509104e-14	2.509104e-14
NR4A1	-0.04229521259055169	-0.04229521259055946	1.0092397851141257	1.0092397851141335	7.771561e-15	7.771561e-15	7.771561e-15
ONECUT1	-0.019482660603903801	-0.01948266060385917	1.0240403324521292	1.0240403324520846	4.463097e-14	4.463097e-14	4.463097e-14
OTX2	-0.011422671343353508	-0.011422671343324864	1.0097837631081203	1.0097837631080917	2.864375e-14	2.864375e-14	2.864375e-14
PBX2	-0.057540166799658565	-0.057540166799592174	1.0147471051670223	1.0147471051669559	6.639134e-14	6.639134e-14	6.639134e-14
PHOX2B	-0.020593711759798516	-0.020593711759749	1.0203107471636435	1.020310747163594	4.951595e-14	4.951595e-14	4.951595e-14
PKNOX1	-0.029498701889175027	-0.029498701889207224	1.0026285562308301	1.0026285562308623	3.219647e-14	3.219647e-14	3.219647e-14
POU2F3	-0.026035348718894902	-0.02603534871884161	1.0125651248426457	1.0125651248425924	5.329071e-14	5.329071e-14	5.329071e-14
PRDM1	-0.040288242510303052	-0.0402882425103519	1.0043747004526298	1.0043747004526786	4.884981e-14	4.884981e-14	4.884981e-14
RFX1	-0.074952218995303466	-0.07495221899532056	1.0036522973149302	1.0036522973149473	1.709743e-14	1.709743e-14	1.709743e-14
RFX3	-0.075142033852315326	-0.07514203385233287	1.0017047593122808	1.0017047593122983	1.754152e-14	1.754152e-14	1.754152e-14
RUNX3	-0.066118598594038125	-0.06611859859406366	1.0068927488653294	1.006892748865355	2.553513e-14	2.553513e-14	2.553513e-14
SCRT1	-0.038406086777534876	-0.03840608677755508	1.0044416461971943	1.0044416461972145	2.020606e-14	2.020606e-14	2.020606e-14
SCRT2	-0.039132081974651789	-0.03913208197467444	1.0037087606392039	1.0037087606392265	2.264855e-14	2.264855e-14	2.264855e-14
SNAI2	0.044241745847664271	0.04424174584770868	0.97691851292148768	0.9769185129214433	4.440892e-14	4.440892e-14	4.440892e-14
SOX2	-0.038272329619112533	-0.03827232961909277	1.0108309212037474	1.0108309212037276	1.976197e-14	1.976197e-14	1.976197e-14
SPI1	-0.095814178080243728	-0.0958141780802475	1.0140631648068656	1.0140631648068694	3.774758e-15	3.774758e-15	3.774758e-15
SPIB	-0.11032614521486594	-0.11032614521490236	1.0053144090249471	1.0053144090249835	3.641532e-14	3.641532e-14	3.641532e-14
SREBF1(var.2)	0.049541266708640452	0.049541266708746035	0.96699207807239695	0.9669920780722914	1.055822e-13	1.055822e-13	1.055822e-13
TCF3	0.023313905612968311	0.023313905613006503	0.97952212134694205	0.9795221213469039	3.819167e-14	3.819167e-14	3.819167e-14
TCF4	0.047989526030541851	0.04798952603059148	0.97777753572382609	0.9777775357237765	4.962697e-14	4.962697e-14	4.962697e-14
TCF7	-0.06899071904214904	-0.06899071904214238	1.0106041304699884	1.0106041304699818	6.661338e-15	6.661338e-15	6.661338e-15
TEAD1	0.0061895785950785154	0.006189578595053868	1.0029854372254932	1.0029854372255178	2.464695e-14	2.464695e-14	2.464695e-14
TEAD4	-0.00011014378103668676	-0.0001101437810517858	1.0053266021181002	1.0053266021181153	1.509903e-14	1.509903e-14	1.509903e-14
TFAP2A	0.040981877911089093	0.04098187791112917	0.97751212436379298	0.9775121243637529	4.007905e-14	4.007905e-14	4.007905e-14
TFAP2C(var.2)	0.11327470040091048	0.11327470040102583	0.96290756628207763	0.9629075662819623	1.153522e-13	1.153522e-13	1.153522e-13
TWIST1	-0.014227750593853949	-0.014227750593893473	1.003102989151814	1.0031029891518535	3.952394e-14	3.952394e-14	3.952394e-14
USF1	-0.066098609885505977	-0.06609860988552685	1.0010452150878466	1.0010452150878675	2.087219e-14	2.087219e-14	2.087219e-14
USF2	-0.066387582835391368	-0.0663875828354118	1.0007510076293791	1.0007510076293995	2.042810e-14	2.042810e-14	2.042810e-14
YY2	0.17914647518043048	0.17914647518048665	0.9801738025586838	0.9801738025586276	5.617729e-14	5.617729e-14	5.617729e-14
ZNF263	0.027415803738158662	0.027415803738199962	0.97810538461462149	0.9781053846145802	4.130030e-14	4.130030e-14	4.130030e-14
CREM	-0.05612189505149745	-0.056121895051538306	1.0018362373692005	1.0018362373692413	4.085621e-14	4.085621e-14	4.085621e-14
